Date ,Day,Site,Sample,Transect,Species,Status,Count
5/17/2021,137,1,0,1,None,NA,0
5/17/2021,137,1,0,2,None,NA,0
5/17/2021,137,1,0,3,None,NA,0
5/25/2021,145,1,1,1,Claytonia lanceolata,Native,1
5/25/2021,145,1,1,2,Claytonia lanceolata,Native,4
5/25/2021,145,1,1,3,Claytonia lanceolata,Native,21
5/25/2021,145,1,1,2,Noccaea fendleri,Native,20
5/25/2021,145,1,1,3,Noccaea fendleri,Native,18
5/25/2021,145,1,1,1,Pulsatilla nuttalliana,Native,10
6/3/2021,154,1,2,3,Cerastium arvense,Native,1
6/3/2021,154,1,2,1,Claytonia lanceolata,Native,4
6/3/2021,154,1,2,2,Claytonia lanceolata,Native,5
6/3/2021,154,1,2,3,Claytonia lanceolata,Native,17
6/3/2021,154,1,2,3,Harbouria trachypleura,Native,2
6/3/2021,154,1,2,1,Noccaea fendleri,Native,12
6/3/2021,154,1,2,2,Noccaea fendleri,Native,3
6/3/2021,154,1,2,3,Noccaea fendleri,Native,3
6/3/2021,154,1,2,2,Taraxacum officinale,Introduced,1
6/3/2021,154,1,2,1,Veronica plantaginea,Native,39
6/3/2021,154,1,2,3,Veronica plantaginea,Native,23
6/16/2021,167,1,3,1,Antennaria corymbosa,Native,5
6/16/2021,167,1,3,2,Antennaria corymbosa,Native,3
6/16/2021,167,1,3,3,Antennaria corymbosa,Native,9
6/16/2021,167,1,3,1,Cerastium arvense,Native,30
6/16/2021,167,1,3,2,Cerastium arvense,Native,37
6/16/2021,167,1,3,3,Cerastium arvense,Native,20
6/16/2021,167,1,3,1,Delphinium nuttallianum,Native,31
6/16/2021,167,1,3,2,Delphinium nuttallianum,Native,93
6/16/2021,167,1,3,3,Delphinium nuttallianum,Native,112
6/16/2021,167,1,3,1,Harbouria trachypleura,Native,2
6/16/2021,167,1,3,3,Harbouria trachypleura,Native,5
6/16/2021,167,1,3,1,Senecio integerrimus,Native,8
6/16/2021,167,1,3,2,Senecio integerrimus,Native,6
6/16/2021,167,1,3,3,Senecio integerrimus,Native,13
6/16/2021,167,1,3,1,Thermopsis montana,Native,72
6/16/2021,167,1,3,2,Thermopsis montana,Native,74
6/16/2021,167,1,3,3,Thermopsis montana,Native,105
6/16/2021,167,1,3,1,Arabis glabra,Introduced,3
6/16/2021,167,1,3,3,Arabis glabra,Introduced,10
6/29/2021,180,1,4,2,Antennaria corymbosa,Native,2
6/29/2021,180,1,4,3,Antennaria corymbosa,Native,2
6/29/2021,180,1,4,1,Astragalus flexuosus,Native,30
6/29/2021,180,1,4,1,Cerastium arvense,Native,26
6/29/2021,180,1,4,2,Cerastium arvense,Native,24
6/29/2021,180,1,4,3,Cerastium arvense,Native,6
6/29/2021,180,1,4,1,Conyza canadensis,Native,3
6/29/2021,180,1,4,2,Conyza canadensis,Native,65
6/29/2021,180,1,4,3,Conyza canadensis,Native,10
6/29/2021,180,1,4,1,Delphinium nuttallianum,Native,5
6/29/2021,180,1,4,2,Delphinium nuttallianum,Native,36
6/29/2021,180,1,4,3,Delphinium nuttallianum,Native,13
6/29/2021,180,1,4,1,Eriogonum umbellatum,Native,2
6/29/2021,180,1,4,3,Eriogonum umbellatum,Native,10
6/29/2021,180,1,4,2,Erysimum capitatum,Native,22
6/29/2021,180,1,4,3,Senecio integerrimus,Native,3
6/29/2021,180,1,4,3,Thermopsis montana,Native,4
6/29/2021,180,1,4,1,Arabis glabra,Introduced,2
6/29/2021,180,1,4,2,Arabis glabra,Introduced,4
7/16/2021,197,1,5,1,Achillea millefolium ,Native,4
7/16/2021,197,1,5,3,Agoseris glauca,Native,3
7/16/2021,197,1,5,1,Arenaria fendleri,Native,28
7/16/2021,197,1,5,3,Arenaria fendleri,Native,7
7/16/2021,197,1,5,2,Astragalus miser,Native,12
7/16/2021,197,1,5,1,Calochortus gunnisonii,Native,4
7/16/2021,197,1,5,2,Calochortus gunnisonii,Native,14
7/16/2021,197,1,5,3,Calochortus gunnisonii,Native,4
7/16/2021,197,1,5,1,Campanula rotundifolia,Native,63
7/16/2021,197,1,5,2,Campanula rotundifolia,Native,1
7/16/2021,197,1,5,3,Campanula rotundifolia,Native,10
7/16/2021,197,1,5,1,Conyza canadensis,Native,23
7/16/2021,197,1,5,2,Conyza canadensis,Native,210
7/16/2021,197,1,5,3,Conyza canadensis,Native,54
7/16/2021,197,1,5,2,Cryptantha ambigua,Native,12
7/16/2021,197,1,5,1,Erigeron speciosus,Native,6
7/16/2021,197,1,5,1,Eriogonum umbellatum,Native,67
7/16/2021,197,1,5,2,Eriogonum umbellatum,Native,48
7/16/2021,197,1,5,3,Eriogonum umbellatum,Native,33
7/16/2021,197,1,5,3,Gaillardia aristata,Native,3
7/16/2021,197,1,5,1,Heterotheca villosa,Native,26
7/16/2021,197,1,5,3,Heterotheca villosa,Native,5
7/16/2021,197,1,5,1,Lupinus argenteus,Native,40
7/16/2021,197,1,5,1,Oxytropis lambertii,Native,81
7/16/2021,197,1,5,3,Oxytropis lambertii,Native,15
7/16/2021,197,1,5,3,Potentilla hippiana,Native,2
7/16/2021,197,1,5,1,Sedum lanceolatum,Native,5
7/16/2021,197,1,5,2,Tragopogon dubius,Introduced,1
7/27/2021,208,1,6,1,Achillea millefolium ,Native,2
7/27/2021,208,1,6,1,Agoseris glauca,Native,2
7/27/2021,208,1,6,3,Agoseris glauca,Native,5
7/27/2021,208,1,6,1,Allium cernuum,Native,8
7/27/2021,208,1,6,1,Arenaria fendleri,Native,11
7/27/2021,208,1,6,1,Astragalus flexuosus,Native,20
7/27/2021,208,1,6,1,Calochortus gunnisonii,Native,22
7/27/2021,208,1,6,3,Calochortus gunnisonii,Native,9
7/27/2021,208,1,6,2,Calochortus gunnisonii,Native,6
7/27/2021,208,1,6,3,Campanula rotundifolia,Native,14
7/27/2021,208,1,6,2,Campanula rotundifolia,Native,18
7/27/2021,208,1,6,1,Conyza canadensis,Native,25
7/27/2021,208,1,6,3,Conyza canadensis,Native,38
7/27/2021,208,1,6,2,Conyza canadensis,Native,60
7/27/2021,208,1,6,1,Erigeron speciosus,Native,46
7/27/2021,208,1,6,3,Erigeron speciosus,Native,3
7/27/2021,208,1,6,1,Eriogonum umbellatum,Native,11
7/27/2021,208,1,6,3,Eriogonum umbellatum,Native,18
7/27/2021,208,1,6,2,Eriogonum umbellatum,Native,40
7/27/2021,208,1,6,3,Gaillardia aristata,Native,2
7/27/2021,208,1,6,2,Gaillardia aristata,Native,1
7/27/2021,208,1,6,1,Heterotheca villosa,Native,164
7/27/2021,208,1,6,3,Heterotheca villosa,Native,43
7/27/2021,208,1,6,2,Heterotheca villosa,Native,21
7/27/2021,208,1,6,1,Lupinus argenteus,Native,22
7/27/2021,208,1,6,1,Oxytropis lambertii,Native,5
8/12/2021,224,1,7,1,Achillea millefolium ,Native,2
8/12/2021,224,1,7,3,Agoseris glauca,Native,1
8/12/2021,224,1,7,2,Allium cernuum,Native,5
8/12/2021,224,1,7,3,Allium cernuum,Native,18
8/12/2021,224,1,7,3,Arenaria fendleri,Native,20
8/12/2021,224,1,7,2,Artemisia frigida,Native,6
8/12/2021,224,1,7,3,Artemisia frigida,Native,15
8/12/2021,224,1,7,3,Artemisia ludoviciana,Native,15
8/12/2021,224,1,7,1,Campanula rotundifolia,Native,37
8/12/2021,224,1,7,2,Campanula rotundifolia,Native,5
8/12/2021,224,1,7,3,Campanula rotundifolia,Native,9
8/12/2021,224,1,7,2,Conyza canadensis,Native,5
8/12/2021,224,1,7,3,Conyza canadensis,Native,10
8/12/2021,224,1,7,2,Ericameria nauseosa,Native,58
8/12/2021,224,1,7,1,Erigeron speciosus,Native,63
8/12/2021,224,1,7,3,Erigeron speciosus,Native,3
8/12/2021,224,1,7,1,Eriogonum umbellatum,Native,15
8/12/2021,224,1,7,2,Eriogonum umbellatum,Native,10
8/12/2021,224,1,7,3,Eriogonum umbellatum,Native,8
8/12/2021,224,1,7,3,Gaillardia aristata,Native,2
8/12/2021,224,1,7,1,Heterotheca villosa,Native,146
8/12/2021,224,1,7,2,Heterotheca villosa,Native,43
8/12/2021,224,1,7,3,Heterotheca villosa,Native,33
8/12/2021,224,1,7,3,Orthocarpus luteus,Native,75
8/12/2021,224,1,7,2,Solidago multiradiata,Native,5
8/20/2021,232,1,8,1,Achillea millefolium ,Native,1
8/20/2021,232,1,8,1,Agoseris glauca,Native,1
8/20/2021,232,1,8,3,Allium cernuum,Native,10
8/20/2021,232,1,8,2,Allium cernuum,Native,5
8/20/2021,232,1,8,3,Arenaria fendleri,Native,26
8/20/2021,232,1,8,1,Artemisia frigida,Native,6
8/20/2021,232,1,8,3,Artemisia frigida,Native,32
8/20/2021,232,1,8,2,Artemisia frigida,Native,20
8/20/2021,232,1,8,3,Artemisia ludoviciana,Native,20
8/20/2021,232,1,8,1,Campanula rotundifolia,Native,9
8/20/2021,232,1,8,3,Campanula rotundifolia,Native,5
8/20/2021,232,1,8,2,Campanula rotundifolia,Native,3
8/20/2021,232,1,8,2,Conyza canadensis,Native,1
8/20/2021,232,1,8,2,Ericameria nauseosa,Native,120
8/20/2021,232,1,8,1,Erigeron speciosus,Native,4
8/20/2021,232,1,8,1,Eriogonum umbellatum,Native,1
8/20/2021,232,1,8,2,Eriogonum umbellatum,Native,2
8/20/2021,232,1,8,1,Heterotheca villosa,Native,25
8/20/2021,232,1,8,3,Heterotheca villosa,Native,25
8/20/2021,232,1,8,2,Heterotheca villosa,Native,9
8/20/2021,232,1,8,3,Orthocarpus luteus,Native,68
8/20/2021,232,1,8,2,Solidago multiradiata,Native,2
9/11/2021,254,1,9,2,Artemisia frigida,Native,10
9/11/2021,254,1,9,1,Campanula rotundifolia,Native,1
9/11/2021,254,1,9,3,Campanula rotundifolia,Native,2
9/11/2021,254,1,9,3,Ericameria nauseosa,Native,2
9/11/2021,254,1,9,2,Ericameria nauseosa,Native,10
9/11/2021,254,1,9,1,Heterotheca villosa,Native,2
9/11/2021,254,1,9,3,Heterotheca villosa,Native,7
9/11/2021,254,1,9,2,Heterotheca villosa,Native,3
5/17/2021,137,2,0,1,None,NA,0
5/17/2021,137,2,0,2,None,NA,0
5/17/2021,137,2,0,3,None,NA,0
5/25/2021,145,2,1,1,Claytonia lanceolata,Native,68
5/25/2021,145,2,1,3,Claytonia lanceolata,Native,11
5/25/2021,145,2,1,2,Noccaea fendleri,Native,115
6/3/2021,154,2,2,3,Antennaria parvifolia,Native,17
6/3/2021,154,2,2,1,Cerastium arvense,Native,5
6/3/2021,154,2,2,2,Cerastium arvense,Native,1
6/3/2021,154,2,2,3,Cerastium arvense,Native,1
6/3/2021,154,2,2,1,Claytonia lanceolata,Native,8
6/3/2021,154,2,2,3,Claytonia lanceolata,Native,3
6/3/2021,154,2,2,3,Collinsia parviflora,Native,4
6/3/2021,154,2,2,1,Delphinium nuttallianum,Native,2
6/3/2021,154,2,2,2,Delphinium nuttallianum,Native,3
6/3/2021,154,2,2,2,Harbouria trachypleura,Native,6
6/3/2021,154,2,2,3,Harbouria trachypleura,Native,12
6/3/2021,154,2,2,1,Noccaea fendleri,Native,6
6/3/2021,154,2,2,2,Noccaea fendleri,Native,12
6/3/2021,154,2,2,1,Ribes cereum,Native,24
6/3/2021,154,2,2,1,Taraxacum officinale,Introduced,5
6/3/2021,154,2,2,1,Arabis glabra,Introduced,4
6/3/2021,154,2,2,3,Arabis glabra,Introduced,3
6/16/2021,167,2,3,2,Antennaria parvifolia,Native,20
6/16/2021,167,2,3,3,Antennaria parvifolia,Native,20
6/16/2021,167,2,3,3,Astragalus parryi,Native,24
6/16/2021,167,2,3,1,Cerastium arvense,Native,67
6/16/2021,167,2,3,2,Cerastium arvense,Native,76
6/16/2021,167,2,3,3,Cerastium arvense,Native,92
6/16/2021,167,2,3,1,Delphinium nuttallianum,Native,86
6/16/2021,167,2,3,2,Delphinium nuttallianum,Native,59
6/16/2021,167,2,3,3,Delphinium nuttallianum,Native,77
6/16/2021,167,2,3,1,Erigeron divergens,Native,6
6/16/2021,167,2,3,3,Erigeron divergens,Native,23
6/16/2021,167,2,3,1,Eriogonum umbellatum,Native,20
6/16/2021,167,2,3,2,Eriogonum umbellatum,Native,51
6/16/2021,167,2,3,3,Eriogonum umbellatum,Native,17
6/16/2021,167,2,3,2,Harbouria trachypleura,Native,3
6/16/2021,167,2,3,3,Harbouria trachypleura,Native,9
6/16/2021,167,2,3,1,Ribes cereum,Native,56
6/16/2021,167,2,3,1,Senecio integerrimus,Native,4
6/16/2021,167,2,3,3,Senecio integerrimus,Native,8
6/16/2021,167,2,3,1,Thermopsis montana,Native,2
6/16/2021,167,2,3,2,Thermopsis montana,Native,26
6/16/2021,167,2,3,3,Thermopsis montana,Native,10
6/16/2021,167,2,3,1,Thlaspi arvense,Introduced,712
6/29/2021,180,2,4,3,Antennaria parvifolia,Native,3
6/29/2021,180,2,4,1,Astragalus miser,Native,18
6/29/2021,180,2,4,2,Astragalus miser,Native,57
6/29/2021,180,2,4,1,Camelina microcarpa,Introduced,22
6/29/2021,180,2,4,2,Cerastium arvense,Native,30
6/29/2021,180,2,4,3,Cerastium arvense,Native,26
6/29/2021,180,2,4,1,Delphinium nuttallianum,Native,2
6/29/2021,180,2,4,2,Delphinium nuttallianum,Native,1
6/29/2021,180,2,4,1,Erigeron flagellaris,Native,52
6/29/2021,180,2,4,2,Erigeron flagellaris,Native,30
6/29/2021,180,2,4,3,Erigeron flagellaris,Native,281
6/29/2021,180,2,4,1,Eriogonum umbellatum,Native,354
6/29/2021,180,2,4,2,Eriogonum umbellatum,Native,315
6/29/2021,180,2,4,3,Eriogonum umbellatum,Native,265
6/29/2021,180,2,4,1,Lappula occidentalis,Native,7
6/29/2021,180,2,4,3,Rosa woodsii,Native,1
6/29/2021,180,2,4,1,Thlaspi arvense,Introduced,27
6/29/2021,180,2,4,1,Tragopogon dubius,Introduced,1
7/16/2021,197,2,5,2,Achillea millefolium ,Native,20
7/16/2021,197,2,5,3,Achillea millefolium ,Native,2
7/16/2021,197,2,5,2,Astragalus flexuosus,Native,42
7/16/2021,197,2,5,1,Calochortus gunnisonii,Native,2
7/16/2021,197,2,5,2,Calochortus gunnisonii,Native,3
7/16/2021,197,2,5,3,Calochortus gunnisonii,Native,1
7/16/2021,197,2,5,1,Camelina microcarpa,Introduced,10
7/16/2021,197,2,5,2,Campanula rotundifolia,Native,3
7/16/2021,197,2,5,3,Campanula rotundifolia,Native,2
7/16/2021,197,2,5,1,Erigeron flagellaris,Native,3
7/16/2021,197,2,5,2,Erigeron flagellaris,Native,8
7/16/2021,197,2,5,3,Erigeron flagellaris,Native,64
7/16/2021,197,2,5,1,Erigeron speciosus,Native,1
7/16/2021,197,2,5,2,Erigeron speciosus,Native,7
7/16/2021,197,2,5,2,Eriogonum umbellatum,Native,316
7/16/2021,197,2,5,3,Eriogonum umbellatum,Native,384
7/16/2021,197,2,5,1,Eriogonum umbellatum,Native,255
7/16/2021,197,2,5,3,Grindelia squarrosa,Native,1
7/16/2021,197,2,5,1,Heterotheca villosa,Native,46
7/16/2021,197,2,5,2,Heterotheca villosa,Native,47
7/16/2021,197,2,5,3,Heterotheca villosa,Native,36
7/16/2021,197,2,5,1,Oxytropis lambertii,Native,12
7/16/2021,197,2,5,2,Oxytropis lambertii,Native,7
7/16/2021,197,2,5,3,Oxytropis lambertii,Native,3
7/16/2021,197,2,5,2,Penstemon glaber,Native,4
7/16/2021,197,2,5,1,Potentilla hippiana,Native,1
7/16/2021,197,2,5,3,Potentilla hippiana,Native,23
7/16/2021,197,2,5,3,Sedum lanceolatum,Native,11
7/27/2021,208,2,6,2,Achillea millefolium ,Native,4
7/27/2021,208,2,6,3,Achillea millefolium ,Native,2
7/27/2021,208,2,6,2,Allium cernuum,Native,7
7/27/2021,208,2,6,3,Allium cernuum,Native,46
7/27/2021,208,2,6,2,Astragalus flexuosus,Native,13
7/27/2021,208,2,6,2,Calochortus gunnisonii,Native,6
7/27/2021,208,2,6,3,Calochortus gunnisonii,Native,8
7/27/2021,208,2,6,1,Carduus nutans,Introduced,13
7/27/2021,208,2,6,2,Carduus nutans,Introduced,2
7/27/2021,208,2,6,1,Erigeron flagellaris,Native,4
7/27/2021,208,2,6,2,Erigeron flagellaris,Native,6
7/27/2021,208,2,6,3,Erigeron flagellaris,Native,23
7/27/2021,208,2,6,1,Erigeron speciosus,Native,10
7/27/2021,208,2,6,2,Erigeron speciosus,Native,10
7/27/2021,208,2,6,1,Eriogonum umbellatum,Native,140
7/27/2021,208,2,6,2,Eriogonum umbellatum,Native,195
7/27/2021,208,2,6,3,Eriogonum umbellatum,Native,261
7/27/2021,208,2,6,2,Grindelia squarrosa,Native,8
7/27/2021,208,2,6,3,Grindelia squarrosa,Native,2
7/27/2021,208,2,6,1,Heterotheca villosa,Native,35
7/27/2021,208,2,6,2,Heterotheca villosa,Native,75
7/27/2021,208,2,6,3,Heterotheca villosa,Native,49
7/27/2021,208,2,6,2,Lupinus argenteus,Native,7
7/27/2021,208,2,6,3,Oenothera coronopifolia,Native,1
7/27/2021,208,2,6,1,Potentilla hippiana,Native,4
7/27/2021,208,2,6,2,Potentilla hippiana,Native,30
7/27/2021,208,2,6,3,Potentilla hippiana,Native,18
7/27/2021,208,2,6,3,Sedum lanceolatum,Native,5
7/27/2021,208,2,6,2,Solidago multiradiata,Native,4
8/12/2021,224,2,7,2,Achillea millefolium ,Native,17
8/12/2021,224,2,7,3,Achillea millefolium ,Native,2
8/12/2021,224,2,7,2,Allium cernuum,Native,7
8/12/2021,224,2,7,3,Allium cernuum,Native,39
8/12/2021,224,2,7,1,Artemisia frigida,Native,34
8/12/2021,224,2,7,2,Artemisia frigida,Native,17
8/12/2021,224,2,7,3,Artemisia frigida,Native,82
8/12/2021,224,2,7,1,Artemisia ludoviciana,Native,10
8/12/2021,224,2,7,1,Campanula rotundifolia,Native,4
8/12/2021,224,2,7,1,Carduus nutans,Introduced,20
8/12/2021,224,2,7,2,Carduus nutans,Introduced,5
8/12/2021,224,2,7,1,Ericameria nauseosa,Native,138
8/12/2021,224,2,7,2,Ericameria nauseosa,Native,30
8/12/2021,224,2,7,3,Ericameria nauseosa,Native,55
8/12/2021,224,2,7,2,Erigeron speciosus,Native,5
8/12/2021,224,2,7,1,Eriogonum umbellatum,Native,19
8/12/2021,224,2,7,2,Eriogonum umbellatum,Native,25
8/12/2021,224,2,7,3,Eriogonum umbellatum,Native,10
8/12/2021,224,2,7,3,Grindelia squarrosa,Native,4
8/12/2021,224,2,7,1,Heterotheca villosa,Native,72
8/12/2021,224,2,7,2,Heterotheca villosa,Native,213
8/12/2021,224,2,7,3,Heterotheca villosa,Native,105
8/12/2021,224,2,7,3,Orthocarpus luteus,Native,30
8/12/2021,224,2,7,3,Polygonum douglasii,Native,18
8/12/2021,224,2,7,2,Solidago multiradiata,Native,14
8/12/2021,224,2,7,3,Solidago multiradiata,Native,10
8/12/2021,224,2,7,2,Verbascum thapsus,Introduced,2
8/20/2021,232,2,8,2,Achillea millefolium ,Native,2
8/20/2021,232,2,8,1,Allium cernuum,Native,3
8/20/2021,232,2,8,1,Artemisia frigida,Native,42
8/20/2021,232,2,8,3,Artemisia frigida,Native,18
8/20/2021,232,2,8,2,Artemisia frigida,Native,51
8/20/2021,232,2,8,1,Carduus nutans,Introduced,8
8/20/2021,232,2,8,2,Carduus nutans,Introduced,2
8/20/2021,232,2,8,1,Ericameria nauseosa,Native,128
8/20/2021,232,2,8,3,Ericameria nauseosa,Native,47
8/20/2021,232,2,8,2,Ericameria nauseosa,Native,40
8/20/2021,232,2,8,1,Eriogonum umbellatum,Native,5
8/20/2021,232,2,8,2,Eriogonum umbellatum,Native,2
8/20/2021,232,2,8,2,Grindelia squarrosa,Native,5
8/20/2021,232,2,8,1,Heterotheca villosa,Native,18
8/20/2021,232,2,8,3,Heterotheca villosa,Native,52
8/20/2021,232,2,8,2,Heterotheca villosa,Native,230
8/20/2021,232,2,8,2,Lactuca serriola,Introduced,23
8/20/2021,232,2,8,3,Orthocarpus luteus,Native,27
8/20/2021,232,2,8,1,Polygonum douglasii,Native,15
8/20/2021,232,2,8,3,Solidago multiradiata,Native,10
8/20/2021,232,2,8,2,Solidago multiradiata,Native,3
8/20/2021,232,2,8,2,Verbascum thapsus,Introduced,8
9/11/2021,254,2,9,1,Carduus nutans,Introduced,3
9/11/2021,254,2,9,2,Carduus nutans,Introduced,1
9/11/2021,254,2,9,2,Dieteria bigelovii,Native,13
9/11/2021,254,2,9,1,Ericameria nauseosa,Native,45
9/11/2021,254,2,9,3,Ericameria nauseosa,Native,21
9/11/2021,254,2,9,2,Ericameria nauseosa,Native,20
9/11/2021,254,2,9,2,Grindelia squarrosa,Native,2
9/11/2021,254,2,9,1,Heterotheca villosa,Native,2
9/11/2021,254,2,9,3,Heterotheca villosa,Native,3
9/11/2021,254,2,9,2,Heterotheca villosa,Native,20
9/11/2021,254,2,9,2,Verbascum thapsus,Introduced,2
5/17/2021,137,3,0,1,None,NA,0
5/17/2021,137,3,0,2,None,NA,0
5/17/2021,137,3,0,3,None,NA,0
5/24/2021,144,3,1,1,Claytonia lanceolata,Native,2
5/24/2021,144,3,1,1,Noccaea fendleri,Native,22
5/24/2021,144,3,1,2,Noccaea fendleri,Native,30
5/24/2021,144,3,1,3,None,NA,0
6/4/2021,155,3,2,2,Androsace occidentalis,Native,6
6/4/2021,155,3,2,1,Claytonia lanceolata,Native,10
6/4/2021,155,3,2,3,Claytonia lanceolata,Native,8
6/4/2021,155,3,2,1,Noccaea fendleri,Native,13
6/4/2021,155,3,2,2,Noccaea fendleri,Native,30
6/4/2021,155,3,2,3,Noccaea fendleri,Native,6
6/4/2021,155,3,2,1,Taraxacum officinale,Introduced,2
6/4/2021,155,3,2,2,Taraxacum officinale,Introduced,13
6/4/2021,155,3,2,3,Taraxacum officinale,Introduced,4
6/17/2021,168,3,3,2,Antennaria parvifolia,Native,15
6/17/2021,168,3,3,1,Cerastium arvense,Native,7
6/17/2021,168,3,3,2,Cerastium arvense,Native,63
6/17/2021,168,3,3,3,Cerastium arvense,Native,31
6/17/2021,168,3,3,1,Delphinium nuttallianum,Native,53
6/17/2021,168,3,3,2,Delphinium nuttallianum,Native,34
6/17/2021,168,3,3,3,Delphinium nuttallianum,Native,35
6/17/2021,168,3,3,1,Harbouria trachypleura,Native,1
6/17/2021,168,3,3,1,Mertensia lanceolata,Native,2
6/17/2021,168,3,3,3,Packera fendleri,Native,14
6/17/2021,168,3,3,1,Taraxacum officinale,Introduced,1
6/17/2021,168,3,3,2,Taraxacum officinale,Introduced,5
6/17/2021,168,3,3,3,Taraxacum officinale,Introduced,2
6/17/2021,168,3,3,1,Thermopsis montana,Native,22
6/17/2021,168,3,3,2,Thermopsis montana,Native,3
6/17/2021,168,3,3,3,Thermopsis montana,Native,11
6/17/2021,168,3,3,3,Thermopsis montana,Native,10
6/17/2021,168,3,3,2,Thlaspi arvense,Introduced,401
6/17/2021,168,3,3,1,Thlaspi arvense,Introduced,15
6/17/2021,168,3,3,3,Thlaspi arvense,Introduced,16
6/17/2021,168,3,3,2,Arabis glabra,Introduced,20
6/17/2021,168,3,3,3,Arabis glabra,Introduced,4
6/28/2021,179,3,4,2,Antennaria parvifolia,Native,10
6/28/2021,179,3,4,3,Antennaria parvifolia,Native,5
6/28/2021,179,3,4,3,Astragalus flexuosus,Native,14
6/28/2021,179,3,4,1,Cerastium arvense,Native,13
6/28/2021,179,3,4,2,Cerastium arvense,Native,24
6/28/2021,179,3,4,1,Delphinium nuttallianum,Native,39
6/28/2021,179,3,4,2,Delphinium nuttallianum,Native,13
6/28/2021,179,3,4,3,Delphinium nuttallianum,Native,10
6/28/2021,179,3,4,1,Erysimum capitatum,Native,14
6/28/2021,179,3,4,1,Lupinus argenteus,Native,10
6/28/2021,179,3,4,2,Lupinus argenteus,Native,26
6/28/2021,179,3,4,1,Senecio integerrimus,Native,3
6/28/2021,179,3,4,1,Taraxacum officinale,Introduced,3
6/28/2021,179,3,4,2,Taraxacum officinale,Introduced,2
6/28/2021,179,3,4,3,Taraxacum officinale,Introduced,1
6/28/2021,179,3,4,1,Thermopsis montana,Native,3
6/28/2021,179,3,4,2,Thermopsis montana,Native,9
6/28/2021,179,3,4,1,Thlaspi arvense,Introduced,152
6/28/2021,179,3,4,2,Thlaspi arvense,Introduced,63
6/28/2021,179,3,4,3,Thlaspi arvense,Introduced,67
6/28/2021,179,3,4,2,Arabis glabra,Introduced,3
6/28/2021,179,3,4,3,Arabis glabra,Introduced,2
7/15/2021,196,3,5,1,Achillea millefolium ,Native,4
7/15/2021,196,3,5,2,Achillea millefolium ,Native,22
7/15/2021,196,3,5,3,Achillea millefolium ,Native,3
7/15/2021,196,3,5,1,Agoseris glauca,Native,1
7/15/2021,196,3,5,3,Agoseris glauca,Native,2
7/15/2021,196,3,5,2,Antennaria corymbosa,Native,10
7/15/2021,196,3,5,1,Astragalus miser,Native,7
7/15/2021,196,3,5,1,Campanula rotundifolia,Native,5
7/15/2021,196,3,5,2,Campanula rotundifolia,Native,34
7/15/2021,196,3,5,3,Campanula rotundifolia,Native,9
7/15/2021,196,3,5,1,Cerastium arvense,Native,1
7/15/2021,196,3,5,2,Cerastium arvense,Native,1
7/15/2021,196,3,5,1,Collomia linearis,Native,93
7/15/2021,196,3,5,2,Collomia linearis,Native,60
7/15/2021,196,3,5,3,Collomia linearis,Native,126
7/15/2021,196,3,5,1,Erigeron flagellaris,Native,3
7/15/2021,196,3,5,3,Gaillardia aristata,Native,4
7/15/2021,196,3,5,1,Geranium caespitosum,Native,1
7/15/2021,196,3,5,2,Lappula occidentalis,Native,3
7/15/2021,196,3,5,1,Lupinus argenteus,Native,3
7/15/2021,196,3,5,3,Lupinus argenteus,Native,15
7/15/2021,196,3,5,2,Taraxacum officinale,Introduced,1
7/15/2021,196,3,5,1,Thlaspi arvense,Introduced,152
7/15/2021,196,3,5,2,Thlaspi arvense,Introduced,73
7/15/2021,196,3,5,3,Thlaspi arvense,Introduced,28
7/15/2021,196,3,5,1,Tragopogon dubius,Introduced,4
7/26/2021,207,3,6,3,Achillea millefolium ,Native,15
7/26/2021,207,3,6,1,Achillea millefolium ,Native,4
7/26/2021,207,3,6,2,Achillea millefolium ,Native,32
7/26/2021,207,3,6,3,Agoseris glauca,Native,10
7/26/2021,207,3,6,1,Agoseris glauca,Native,2
7/26/2021,207,3,6,1,Astragalus miser,Native,11
7/26/2021,207,3,6,3,Calochortus gunnisonii,Native,8
7/26/2021,207,3,6,1,Calochortus gunnisonii,Native,2
7/26/2021,207,3,6,2,Calochortus gunnisonii,Native,2
7/26/2021,207,3,6,3,Campanula rotundifolia,Native,130
7/26/2021,207,3,6,1,Campanula rotundifolia,Native,57
7/26/2021,207,3,6,2,Campanula rotundifolia,Native,295
7/26/2021,207,3,6,3,Carduus nutans,Introduced,11
7/26/2021,207,3,6,1,Carduus nutans,Introduced,2
7/26/2021,207,3,6,2,Carduus nutans,Introduced,4
7/26/2021,207,3,6,3,Collomia linearis,Native,216
7/26/2021,207,3,6,1,Collomia linearis,Native,20
7/26/2021,207,3,6,2,Collomia linearis,Native,220
7/26/2021,207,3,6,2,Erigeron flagellaris,Native,1
7/26/2021,207,3,6,2,Erigeron speciosus,Native,2
7/26/2021,207,3,6,3,Gaillardia aristata,Native,5
7/26/2021,207,3,6,1,Gaillardia aristata,Native,3
7/26/2021,207,3,6,1,Geranium caespitosum,Native,4
7/26/2021,207,3,6,1,Linaria dalmatica,Introduced,13
7/26/2021,207,3,6,1,Lupinus argenteus,Native,10
7/26/2021,207,3,6,2,Lupinus argenteus,Native,16
7/26/2021,207,3,6,1,Oxytropis lambertii,Native,10
7/26/2021,207,3,6,1,Solidago multiradiata,Native,5
7/26/2021,207,3,6,1,Thlaspi arvense,Introduced,16
7/26/2021,207,3,6,3,Tragopogon dubius,Introduced,2
7/26/2021,207,3,6,1,Tragopogon dubius,Introduced,3
7/26/2021,207,3,6,2,Tragopogon dubius,Introduced,1
8/12/2021,224,3,7,3,Achillea millefolium ,Native,6
8/12/2021,224,3,7,1,Achillea millefolium ,Native,15
8/12/2021,224,3,7,2,Achillea millefolium ,Native,28
8/12/2021,224,3,7,3,Agoseris glauca,Native,4
8/12/2021,224,3,7,1,Agoseris glauca,Native,20
8/12/2021,224,3,7,2,Agoseris glauca,Native,3
8/12/2021,224,3,7,3,Artemisia frigida,Native,30
8/12/2021,224,3,7,1,Artemisia frigida,Native,20
8/12/2021,224,3,7,2,Artemisia frigida,Native,20
8/12/2021,224,3,7,3,Campanula rotundifolia,Native,68
8/12/2021,224,3,7,1,Campanula rotundifolia,Native,28
8/12/2021,224,3,7,2,Campanula rotundifolia,Native,123
8/12/2021,224,3,7,3,Carduus nutans,Introduced,98
8/12/2021,224,3,7,1,Carduus nutans,Introduced,62
8/12/2021,224,3,7,2,Carduus nutans,Introduced,15
8/12/2021,224,3,7,3,Erigeron speciosus,Native,16
8/12/2021,224,3,7,1,Erigeron speciosus,Native,2
8/12/2021,224,3,7,2,Erigeron speciosus,Native,12
8/12/2021,224,3,7,1,Gaillardia aristata,Native,3
8/12/2021,224,3,7,3,Linaria vulgaris,Introduced,28
8/12/2021,224,3,7,1,Linaria vulgaris,Introduced,25
8/12/2021,224,3,7,2,Lupinus argenteus,Native,20
8/12/2021,224,3,7,3,Orthocarpus luteus,Native,10
8/12/2021,224,3,7,2,Orthocarpus luteus,Native,52
8/12/2021,224,3,7,3,Solidago multiradiata,Native,10
8/12/2021,224,3,7,1,Solidago multiradiata,Native,14
8/12/2021,224,3,7,1,Taraxacum officinale,Introduced,1
8/12/2021,224,3,7,1,Tragopogon dubius,Introduced,1
8/12/2021,224,3,7,2,Verbascum thapsus,Introduced,6
8/20/2021,232,3,8,3,Achillea millefolium ,Native,10
8/20/2021,232,3,8,1,Achillea millefolium ,Native,23
8/20/2021,232,3,8,2,Achillea millefolium ,Native,48
8/20/2021,232,3,8,3,Agoseris glauca,Native,2
8/20/2021,232,3,8,1,Agoseris glauca,Native,13
8/20/2021,232,3,8,2,Agoseris glauca,Native,2
8/20/2021,232,3,8,3,Artemisia frigida,Native,22
8/20/2021,232,3,8,1,Artemisia frigida,Native,185
8/20/2021,232,3,8,2,Artemisia frigida,Native,105
8/20/2021,232,3,8,3,Campanula rotundifolia,Native,31
8/20/2021,232,3,8,1,Campanula rotundifolia,Native,21
8/20/2021,232,3,8,2,Campanula rotundifolia,Native,56
8/20/2021,232,3,8,3,Carduus nutans,Introduced,58
8/20/2021,232,3,8,1,Carduus nutans,Introduced,82
8/20/2021,232,3,8,2,Carduus nutans,Introduced,15
8/20/2021,232,3,8,1,Descurainia sophia,Introduced,10
8/20/2021,232,3,8,2,Erigeron speciosus,Native,10
8/20/2021,232,3,8,1,Gaillardia aristata,Native,1
8/20/2021,232,3,8,1,Geranium caespitosum,Native,2
8/20/2021,232,3,8,3,Linaria vulgaris,Introduced,21
8/20/2021,232,3,8,1,Linaria vulgaris,Introduced,92
8/20/2021,232,3,8,1,Lupinus argenteus,Native,12
8/20/2021,232,3,8,2,Lupinus argenteus,Native,38
8/20/2021,232,3,8,2,Orthocarpus luteus,Native,51
8/20/2021,232,3,8,3,Solidago multiradiata,Native,10
8/20/2021,232,3,8,1,Solidago multiradiata,Native,20
8/20/2021,232,3,8,2,Verbascum thapsus,Introduced,10
9/11/2021,254,3,9,2,Achillea millefolium ,Native,2
9/11/2021,254,3,9,1,Achillea millefolium ,Native,3
9/11/2021,254,3,9,3,Achillea millefolium ,Native,2
9/11/2021,254,3,9,2,Agoseris glauca,Native,5
9/11/2021,254,3,9,1,Agoseris glauca,Native,17
9/11/2021,254,3,9,2,Campanula rotundifolia,Native,12
9/11/2021,254,3,9,1,Campanula rotundifolia,Native,7
9/11/2021,254,3,9,3,Campanula rotundifolia,Native,13
9/11/2021,254,3,9,2,Carduus nutans,Introduced,10
9/11/2021,254,3,9,1,Carduus nutans,Introduced,22
9/11/2021,254,3,9,3,Carduus nutans,Introduced,24
9/11/2021,254,3,9,1,Linaria vulgaris,Introduced,39
9/11/2021,254,3,9,3,Linaria vulgaris,Introduced,8
9/11/2021,254,3,9,1,Tragopogon dubius,Introduced,2
9/11/2021,254,3,9,3,Verbascum thapsus,Introduced,6
5/17/2021,137,4,0,1,None,NA,0
5/17/2021,137,4,0,2,None,NA,0
5/17/2021,137,4,0,3,None,NA,0
5/24/2021,144,4,1,3,Harbouria trachypleura,Native,1
5/24/2021,144,4,1,1,Noccaea fendleri,Native,58
5/24/2021,144,4,1,2,Pulsatilla nuttalliana,Native,26
6/4/2021,155,4,2,2,Antennaria parvifolia,Native,7
6/4/2021,155,4,2,1,Harbouria trachypleura,Native,5
6/4/2021,155,4,2,1,Noccaea fendleri,Native,22
6/4/2021,155,4,2,1,Taraxacum officinale,Introduced,8
6/4/2021,155,4,2,3,Taraxacum officinale,Introduced,5
6/4/2021,155,4,2,2,Taraxacum officinale,Introduced,2
6/17/2021,168,4,3,1,Antennaria parvifolia,Native,20
6/17/2021,168,4,3,2,Antennaria parvifolia,Native,12
6/17/2021,168,4,3,1,Astragalus parryi,Native,4
6/17/2021,168,4,3,2,Astragalus parryi,Native,28
6/17/2021,168,4,3,1,Cerastium arvense,Native,103
6/17/2021,168,4,3,2,Cerastium arvense,Native,25
6/17/2021,168,4,3,3,Cerastium arvense,Native,11
6/17/2021,168,4,3,2,Delphinium nuttallianum,Native,34
6/17/2021,168,4,3,2,Draba aurea,Native,7
6/17/2021,168,4,3,1,Erigeron divergens,Native,1
6/17/2021,168,4,3,1,Erysimum capitatum,Native,2
6/17/2021,168,4,3,2,Erysimum capitatum,Native,12
6/17/2021,168,4,3,1,Harbouria trachypleura,Native,1
6/17/2021,168,4,3,3,Harbouria trachypleura,Native,8
6/17/2021,168,4,3,2,Mertensia lanceolata,Native,7
6/17/2021,168,4,3,3,Mertensia lanceolata,Native,16
6/17/2021,168,4,3,2,Senecio integerrimus,Native,20
6/17/2021,168,4,3,3,Senecio integerrimus,Native,9
6/17/2021,168,4,3,3,Taraxacum officinale,Introduced,5
6/17/2021,168,4,3,3,Thlaspi arvense,Introduced,512
6/17/2021,168,4,3,1,Arabis glabra,Introduced,5
6/28/2021,179,4,4,1,Achillea millefolium ,Native,5
6/28/2021,179,4,4,3,Allium geyeri,Native,3
6/28/2021,179,4,4,2,Allium geyeri,Native,21
6/28/2021,179,4,4,1,Antennaria parvifolia,Native,17
6/28/2021,179,4,4,2,Antennaria parvifolia,Native,5
6/28/2021,179,4,4,2,Arenaria fendleri,Native,49
6/28/2021,179,4,4,2,Astragalus flexuosus,Native,12
6/28/2021,179,4,4,1,Cerastium arvense,Native,19
6/28/2021,179,4,4,3,Cerastium arvense,Native,5
6/28/2021,179,4,4,2,Cerastium arvense,Native,1
6/28/2021,179,4,4,2,Delphinium nuttallianum,Native,4
6/28/2021,179,4,4,1,Erysimum capitatum,Native,22
6/28/2021,179,4,4,2,Erysimum capitatum,Native,25
6/28/2021,179,4,4,3,Harbouria trachypleura,Native,7
6/28/2021,179,4,4,2,Lesquerella montana,Native,16
6/28/2021,179,4,4,1,Lupinus argenteus,Native,6
6/28/2021,179,4,4,3,Mertensia lanceolata,Native,5
6/28/2021,179,4,4,2,Mertensia lanceolata,Native,22
6/28/2021,179,4,4,3,Senecio integerrimus,Native,10
6/28/2021,179,4,4,1,Taraxacum officinale,Introduced,2
6/28/2021,179,4,4,3,Taraxacum officinale,Introduced,4
6/28/2021,179,4,4,1,Thermopsis montana,Native,2
6/28/2021,179,4,4,3,Thlaspi arvense,Introduced,361
6/28/2021,179,4,4,1,Thlaspi arvense,Introduced,21
6/28/2021,179,4,4,1,Tragopogon dubius,Introduced,1
6/28/2021,179,4,4,2,Tragopogon dubius,Introduced,1
6/28/2021,179,4,4,1,Arabis glabra,Introduced,7
7/15/2021,196,4,5,1,Achillea millefolium ,Native,18
7/15/2021,196,4,5,2,Achillea millefolium ,Native,5
7/15/2021,196,4,5,3,Achillea millefolium ,Native,7
7/15/2021,196,4,5,1,Agoseris glauca,Native,1
7/15/2021,196,4,5,2,Agoseris glauca,Native,2
7/15/2021,196,4,5,2,Allium geyeri,Native,35
7/15/2021,196,4,5,3,Allium geyeri,Native,12
7/15/2021,196,4,5,1,Arenaria fendleri,Native,17
7/15/2021,196,4,5,2,Arenaria fendleri,Native,70
7/15/2021,196,4,5,3,Arenaria fendleri,Native,80
7/15/2021,196,4,5,1,Campanula rotundifolia,Native,139
7/15/2021,196,4,5,2,Campanula rotundifolia,Native,1
7/15/2021,196,4,5,3,Campanula rotundifolia,Native,114
7/15/2021,196,4,5,1,Cerastium arvense,Native,2
7/15/2021,196,4,5,3,Conyza canadensis,Native,150
7/15/2021,196,4,5,1,Erigeron flagellaris,Native,3
7/15/2021,196,4,5,2,Erigeron flagellaris,Native,5
7/15/2021,196,4,5,3,Erigeron flagellaris,Native,20
7/15/2021,196,4,5,2,Erysimum capitatum,Native,2
7/15/2021,196,4,5,1,Gaillardia aristata,Native,27
7/15/2021,196,4,5,2,Gaillardia aristata,Native,7
7/15/2021,196,4,5,3,Gaillardia aristata,Native,2
7/15/2021,196,4,5,2,Geranium caespitosum,Native,2
7/15/2021,196,4,5,3,Geranium caespitosum,Native,3
7/15/2021,196,4,5,1,Harbouria trachypleura,Native,1
7/15/2021,196,4,5,3,Harbouria trachypleura,Native,5
7/15/2021,196,4,5,1,Lappula occidentalis,Native,6
7/15/2021,196,4,5,1,Lappula occidentalis,Native,22
7/15/2021,196,4,5,1,Lupinus argenteus,Native,4
7/15/2021,196,4,5,2,Oenothera coronopifolia,Native,15
7/15/2021,196,4,5,2,Oxytropis lambertii,Native,4
7/15/2021,196,4,5,2,Potentilla gracilis,Native,1
7/15/2021,196,4,5,2,Potentilla hippiana,Native,3
7/15/2021,196,4,5,3,Potentilla hippiana,Native,12
7/15/2021,196,4,5,1,Thlaspi arvense,Introduced,20
7/15/2021,196,4,5,2,Thlaspi arvense,Introduced,25
7/15/2021,196,4,5,3,Thlaspi arvense,Introduced,75
7/15/2021,196,4,5,1,Tragopogon dubius,Introduced,1
7/26/2021,207,4,6,1,Achillea millefolium ,Native,50
7/26/2021,207,4,6,3,Achillea millefolium ,Native,21
7/26/2021,207,4,6,1,Agoseris glauca,Native,10
7/26/2021,207,4,6,3,Agoseris glauca,Native,3
7/26/2021,207,4,6,2,Agoseris glauca,Native,6
7/26/2021,207,4,6,3,Calochortus gunnisonii,Native,3
7/26/2021,207,4,6,2,Calochortus gunnisonii,Native,1
7/26/2021,207,4,6,2,Calochortus gunnisonii,Native,7
7/26/2021,207,4,6,1,Campanula rotundifolia,Native,173
7/26/2021,207,4,6,3,Campanula rotundifolia,Native,87
7/26/2021,207,4,6,2,Campanula rotundifolia,Native,51
7/26/2021,207,4,6,1,Carduus nutans,Introduced,10
7/26/2021,207,4,6,3,Carduus nutans,Introduced,10
7/26/2021,207,4,6,1,Erysimum capitatum,Native,7
7/26/2021,207,4,6,1,Gaillardia aristata,Native,5
7/26/2021,207,4,6,3,Gaillardia aristata,Native,6
7/26/2021,207,4,6,2,Gaillardia aristata,Native,5
7/26/2021,207,4,6,3,Geranium caespitosum,Native,13
7/26/2021,207,4,6,2,Geranium caespitosum,Native,2
7/26/2021,207,4,6,1,Heterotheca villosa,Native,3
7/26/2021,207,4,6,2,Heterotheca villosa,Native,10
7/26/2021,207,4,6,3,Lappula occidentalis,Native,26
7/26/2021,207,4,6,1,Lupinus argenteus,Native,33
7/26/2021,207,4,6,3,Lupinus argenteus,Native,10
7/26/2021,207,4,6,1,Noccaea fendleri,Native,36
7/26/2021,207,4,6,3,Noccaea fendleri,Native,12
7/26/2021,207,4,6,2,Noccaea fendleri,Native,26
7/26/2021,207,4,6,2,Oenothera coronopifolia,Native,36
7/26/2021,207,4,6,1,Potentilla gracilis,Native,6
7/26/2021,207,4,6,3,Potentilla gracilis,Native,5
7/26/2021,207,4,6,2,Potentilla gracilis,Native,40
7/26/2021,207,4,6,2,Potentilla hippiana,Native,2
7/26/2021,207,4,6,3,Solidago multiradiata,Native,10
7/26/2021,207,4,6,2,Solidago multiradiata,Native,5
7/26/2021,207,4,6,1,Taraxacum officinale,Introduced,2
7/26/2021,207,4,6,3,Taraxacum officinale,Introduced,3
7/26/2021,207,4,6,3,Thlaspi arvense,Introduced,26
7/26/2021,207,4,6,1,Tragopogon dubius,Introduced,2
7/26/2021,207,4,6,3,Tragopogon dubius,Introduced,1
8/12/2021,224,4,7,1,Achillea millefolium ,Native,17
8/12/2021,224,4,7,3,Achillea millefolium ,Native,15
8/12/2021,224,4,7,2,Achillea millefolium ,Native,2
8/12/2021,224,4,7,1,Agoseris glauca,Native,12
8/12/2021,224,4,7,3,Agoseris glauca,Native,10
8/12/2021,224,4,7,2,Allium cernuum,Native,11
8/12/2021,224,4,7,1,Arenaria fendleri,Native,12
8/12/2021,224,4,7,2,Arenaria fendleri,Native,52
8/12/2021,224,4,7,1,Artemisia frigida,Native,56
8/12/2021,224,4,7,3,Artemisia frigida,Native,50
8/12/2021,224,4,7,2,Artemisia frigida,Native,23
8/12/2021,224,4,7,1,Campanula rotundifolia,Native,18
8/12/2021,224,4,7,3,Campanula rotundifolia,Native,84
8/12/2021,224,4,7,2,Campanula rotundifolia,Native,2
8/12/2021,224,4,7,1,Carduus nutans,Introduced,158
8/12/2021,224,4,7,3,Carduus nutans,Introduced,221
8/12/2021,224,4,7,2,Carduus nutans,Introduced,23
8/12/2021,224,4,7,3,Epilobium brachycarpum,Native,28
8/12/2021,224,4,7,2,Erigeron flagellaris,Native,4
8/12/2021,224,4,7,1,Erigeron speciosus,Native,6
8/12/2021,224,4,7,1,Gaillardia aristata,Native,8
8/12/2021,224,4,7,3,Gaillardia aristata,Native,3
8/12/2021,224,4,7,2,Gaillardia aristata,Native,1
8/12/2021,224,4,7,1,Geranium caespitosum,Native,8
8/12/2021,224,4,7,2,Geranium caespitosum,Native,10
8/12/2021,224,4,7,1,Heterotheca villosa,Native,10
8/12/2021,224,4,7,2,Heterotheca villosa,Native,23
8/12/2021,224,4,7,1,Lappula occidentalis,Native,20
8/12/2021,224,4,7,1,Lupinus argenteus,Native,52
8/12/2021,224,4,7,3,Lupinus argenteus,Native,20
8/12/2021,224,4,7,2,Potentilla hippiana,Native,18
8/12/2021,224,4,7,1,Solidago multiradiata,Native,23
8/12/2021,224,4,7,3,Solidago multiradiata,Native,10
8/12/2021,224,4,7,2,Solidago multiradiata,Native,10
8/12/2021,224,4,7,1,Symphyotrichum porteri,Native,4
8/12/2021,224,4,7,1,Tragopogon dubius,Introduced,1
8/20/2021,232,4,8,1,Achillea millefolium ,Native,42
8/20/2021,232,4,8,3,Achillea millefolium ,Native,10
8/20/2021,232,4,8,1,Agoseris glauca,Native,3
8/20/2021,232,4,8,3,Agoseris glauca,Native,3
8/20/2021,232,4,8,2,Agoseris glauca,Native,8
8/20/2021,232,4,8,2,Arenaria fendleri,Native,20
8/20/2021,232,4,8,1,Artemisia frigida,Native,85
8/20/2021,232,4,8,3,Artemisia frigida,Native,51
8/20/2021,232,4,8,2,Artemisia frigida,Native,70
8/20/2021,232,4,8,1,Campanula rotundifolia,Native,54
8/20/2021,232,4,8,3,Campanula rotundifolia,Native,55
8/20/2021,232,4,8,3,Campanula rotundifolia,Native,22
8/20/2021,232,4,8,1,Carduus nutans,Introduced,67
8/20/2021,232,4,8,3,Carduus nutans,Introduced,50
8/20/2021,232,4,8,2,Carduus nutans,Introduced,10
8/20/2021,232,4,8,3,Ericameria nauseosa,Native,15
8/20/2021,232,4,8,2,Ericameria nauseosa,Native,20
8/20/2021,232,4,8,1,Gaillardia aristata,Native,7
8/20/2021,232,4,8,3,Gaillardia aristata,Native,4
8/20/2021,232,4,8,1,Geranium caespitosum,Native,2
8/20/2021,232,4,8,3,Geranium caespitosum,Native,5
8/20/2021,232,4,8,1,Heterotheca villosa,Native,15
8/20/2021,232,4,8,2,Heterotheca villosa,Native,5
8/20/2021,232,4,8,3,Lupinus argenteus,Native,10
8/20/2021,232,4,8,1,Solidago multiradiata,Native,2
8/20/2021,232,4,8,3,Solidago multiradiata,Native,11
8/20/2021,232,4,8,2,Solidago multiradiata,Native,12
8/20/2021,232,4,8,1,Symphyotrichum porteri,Native,38
9/11/2021,254,4,9,3,Achillea millefolium ,Native,1
9/11/2021,254,4,9,1,Agoseris glauca,Native,1
9/11/2021,254,4,9,2,Agoseris glauca,Native,4
9/11/2021,254,4,9,3,Agoseris glauca,Native,4
9/11/2021,254,4,9,1,Campanula rotundifolia,Native,13
9/11/2021,254,4,9,3,Campanula rotundifolia,Native,2
9/11/2021,254,4,9,1,Carduus nutans,Introduced,25
9/11/2021,254,4,9,2,Carduus nutans,Introduced,5
9/11/2021,254,4,9,3,Carduus nutans,Introduced,22
9/11/2021,254,4,9,3,Ericameria nauseosa,Native,5
9/11/2021,254,4,9,1,Gaillardia aristata,Native,2
9/11/2021,254,4,9,1,Heterotheca villosa,Native,21
9/11/2021,254,4,9,2,Heterotheca villosa,Native,5
9/11/2021,254,4,9,3,Heterotheca villosa,Native,5
9/11/2021,254,4,9,1,Symphyotrichum ericoides,Native,4
9/11/2021,254,4,9,1,Tragopogon dubius,Introduced,4
9/11/2021,254,4,9,3,Tragopogon dubius,Introduced,1
9/11/2021,254,4,9,3,Verbascum thapsus,Introduced,7
5/17/2021,137,5,0,1,None,NA,0
5/17/2021,137,5,0,2,None,NA,0
5/17/2021,137,5,0,3,None,NA,0
5/23/2021,143,5,1,3,Achillea millefolium ,Native,11
5/23/2021,143,5,1,2,Cerastium arvense,Native,1
5/23/2021,143,5,1,1,Claytonia lanceolata,Native,2
5/23/2021,143,5,1,3,Claytonia lanceolata,Native,2
5/23/2021,143,5,1,1,Collinsia parviflora,Native,22
5/23/2021,143,5,1,2,Collinsia parviflora,Native,23
5/23/2021,143,5,1,3,Collinsia parviflora,Native,7
5/23/2021,143,5,1,1,Cryptantha ambigua,Native,20
5/23/2021,143,5,1,2,Cryptantha ambigua,Native,15
5/23/2021,143,5,1,3,Cryptantha ambigua,Native,6
5/23/2021,143,5,1,1,Ranunculus glaberrimus,Native,3
5/23/2021,143,5,1,2,Ranunculus glaberrimus,Native,1
5/23/2021,143,5,1,3,Taraxacum officinale,Introduced,1
6/2/2021,153,5,2,2,Achillea millefolium ,Native,3
6/2/2021,153,5,2,3,Achillea millefolium ,Native,9
6/2/2021,153,5,2,1,Cerastium arvense,Native,6
6/2/2021,153,5,2,2,Cerastium arvense,Native,26
6/2/2021,153,5,2,3,Cerastium arvense,Native,18
6/2/2021,153,5,2,1,Claytonia lanceolata,Native,7
6/2/2021,153,5,2,3,Claytonia lanceolata,Native,1
6/2/2021,153,5,2,1,Collinsia parviflora,Native,395
6/2/2021,153,5,2,2,Collinsia parviflora,Native,331
6/2/2021,153,5,2,3,Collinsia parviflora,Native,72
6/2/2021,153,5,2,1,Cryptantha ambigua,Native,426
6/2/2021,153,5,2,2,Cryptantha ambigua,Native,325
6/2/2021,153,5,2,3,Cryptantha ambigua,Native,56
6/2/2021,153,5,2,1,Delphinium nuttallianum,Native,24
6/2/2021,153,5,2,2,Delphinium nuttallianum,Native,14
6/2/2021,153,5,2,3,Delphinium nuttallianum,Native,12
6/2/2021,153,5,2,2,Draba aurea,Native,2
6/2/2021,153,5,2,1,Harbouria trachypleura,Native,2
6/2/2021,153,5,2,2,Leucocrinum montanum,Native,4
6/2/2021,153,5,2,2,Mertensia lanceolata,Native,4
6/2/2021,153,5,2,3,Mertensia lanceolata,Native,2
6/2/2021,153,5,2,1,Packera fendleri,Native,2
6/2/2021,153,5,2,2,Packera fendleri,Native,3
6/2/2021,153,5,2,1,Ribes cereum,Native,26
6/2/2021,153,5,2,1,Taraxacum officinale,Introduced,6
6/2/2021,153,5,2,2,Taraxacum officinale,Introduced,2
6/2/2021,153,5,2,3,Taraxacum officinale,Introduced,5
6/20/2021,171,5,3,1,Achillea millefolium ,Native,2
6/20/2021,171,5,3,1,Agoseris glauca,Native,2
6/20/2021,171,5,3,2,Agoseris glauca,Native,6
6/20/2021,171,5,3,3,Astragalus flexuosus,Native,80
6/20/2021,171,5,3,2,Astragalus flexuosus,Native,133
6/20/2021,171,5,3,1,Camelina microcarpa,Introduced,115
6/20/2021,171,5,3,3,Camelina microcarpa,Introduced,5
6/20/2021,171,5,3,2,Camelina microcarpa,Introduced,26
6/20/2021,171,5,3,1,Cerastium arvense,Native,12
6/20/2021,171,5,3,3,Cerastium arvense,Native,5
6/20/2021,171,5,3,2,Cerastium arvense,Native,15
6/20/2021,171,5,3,1,Cryptantha ambigua,Native,45
6/20/2021,171,5,3,1,Delphinium nuttallianum,Native,53
6/20/2021,171,5,3,3,Delphinium nuttallianum,Native,12
6/20/2021,171,5,3,2,Delphinium nuttallianum,Native,12
6/20/2021,171,5,3,1,Lupinus argenteus,Native,22
6/20/2021,171,5,3,3,Lupinus argenteus,Native,20
6/20/2021,171,5,3,2,Lupinus argenteus,Native,3
6/20/2021,171,5,3,3,Mertensia lanceolata,Native,5
6/20/2021,171,5,3,2,Mertensia lanceolata,Native,3
6/20/2021,171,5,3,2,Oxytropis lambertii,Native,8
6/20/2021,171,5,3,1,Senecio integerrimus,Native,16
6/20/2021,171,5,3,3,Senecio integerrimus,Native,2
6/20/2021,171,5,3,1,Toxicoscordion venenosum,Native,10
6/20/2021,171,5,3,3,Toxicoscordion venenosum,Native,15
6/20/2021,171,5,3,2,Toxicoscordion venenosum,Native,42
6/20/2021,171,5,3,1,Tragopogon dubius,Introduced,3
6/30/2021,181,5,4,3,Achillea millefolium ,Native,2
6/30/2021,181,5,4,3,Astragalus flexuosus,Native,71
6/30/2021,181,5,4,2,Astragalus flexuosus,Native,221
6/30/2021,181,5,4,1,Camelina microcarpa,Introduced,34
6/30/2021,181,5,4,3,Camelina microcarpa,Introduced,12
6/30/2021,181,5,4,2,Camelina microcarpa,Introduced,5
6/30/2021,181,5,4,2,Cerastium arvense,Native,11
6/30/2021,181,5,4,1,Erigeron flagellaris,Native,2
6/30/2021,181,5,4,3,Eriogonum umbellatum,Native,20
6/30/2021,181,5,4,1,Lupinus argenteus,Native,12
6/30/2021,181,5,4,3,Lupinus argenteus,Native,17
6/30/2021,181,5,4,3,Oxytropis lambertii,Native,5
6/30/2021,181,5,4,2,Oxytropis lambertii,Native,27
6/30/2021,181,5,4,1,Tragopogon dubius,Introduced,3
6/30/2021,181,5,4,2,Tragopogon dubius,Introduced,1
7/13/2021,194,5,5,1,Achillea millefolium ,Native,21
7/13/2021,194,5,5,2,Achillea millefolium ,Native,4
7/13/2021,194,5,5,3,Achillea millefolium ,Native,9
7/13/2021,194,5,5,2,Astragalus flexuosus,Native,87
7/13/2021,194,5,5,3,Astragalus flexuosus,Native,67
7/13/2021,194,5,5,1,Calochortus gunnisonii,Native,2
7/13/2021,194,5,5,2,Calochortus gunnisonii,Native,5
7/13/2021,194,5,5,1,Camelina microcarpa,Introduced,10
7/13/2021,194,5,5,3,Camelina microcarpa,Introduced,10
7/13/2021,194,5,5,1,Campanula rotundifolia,Native,28
7/13/2021,194,5,5,3,Eriogonum umbellatum,Native,47
7/13/2021,194,5,5,1,Gaillardia aristata,Native,3
7/13/2021,194,5,5,1,Geranium caespitosum,Native,20
7/13/2021,194,5,5,3,Geranium caespitosum,Native,2
7/13/2021,194,5,5,3,Grindelia squarrosa,Native,3
7/13/2021,194,5,5,2,Heterotheca villosa,Native,62
7/13/2021,194,5,5,3,Heterotheca villosa,Native,30
7/13/2021,194,5,5,1,Lupinus argenteus,Native,26
7/13/2021,194,5,5,2,Lupinus argenteus,Native,20
7/13/2021,194,5,5,3,Lupinus argenteus,Native,31
7/13/2021,194,5,5,1,Monarda fistulosa,Native,30
7/13/2021,194,5,5,2,Monarda fistulosa,Native,58
7/13/2021,194,5,5,2,Oxytropis lambertii,Native,15
7/13/2021,194,5,5,1,Tragopogon dubius,Introduced,1
7/28/2021,209,5,6,1,Achillea millefolium ,Native,51
7/28/2021,209,5,6,3,Achillea millefolium ,Native,10
7/28/2021,209,5,6,2,Achillea millefolium ,Native,21
7/28/2021,209,5,6,2,Allium cernuum,Native,25
7/28/2021,209,5,6,3,Astragalus flexuosus,Native,37
7/28/2021,209,5,6,2,Astragalus flexuosus,Native,10
7/28/2021,209,5,6,2,Calochortus gunnisonii,Native,5
7/28/2021,209,5,6,1,Campanula rotundifolia,Native,10
7/28/2021,209,5,6,2,Campanula rotundifolia,Native,1
7/28/2021,209,5,6,1,Geranium caespitosum,Native,20
7/28/2021,209,5,6,3,Heterotheca villosa,Native,271
7/28/2021,209,5,6,2,Heterotheca villosa,Native,297
7/28/2021,209,5,6,1,Lactuca serriola,Introduced,8
7/28/2021,209,5,6,3,Lactuca serriola,Introduced,2
7/28/2021,209,5,6,1,Lupinus argenteus,Native,51
7/28/2021,209,5,6,3,Lupinus argenteus,Native,48
7/28/2021,209,5,6,2,Lupinus argenteus,Native,31
7/28/2021,209,5,6,1,Monarda fistulosa,Native,92
7/28/2021,209,5,6,2,Monarda fistulosa,Native,25
7/28/2021,209,5,6,1,Tragopogon dubius,Introduced,3
7/28/2021,209,5,6,3,Tragopogon dubius,Introduced,1
7/28/2021,209,5,6,1,Verbascum thapsus,Introduced,52
7/28/2021,209,5,6,3,Verbascum thapsus,Introduced,15
8/11/2021,223,5,7,1,Achillea millefolium ,Native,61
8/11/2021,223,5,7,3,Achillea millefolium ,Native,24
8/11/2021,223,5,7,2,Achillea millefolium ,Native,15
8/11/2021,223,5,7,3,Allium cernuum,Native,23
8/11/2021,223,5,7,2,Allium cernuum,Native,40
8/11/2021,223,5,7,1,Artemisia frigida,Native,15
8/11/2021,223,5,7,2,Artemisia frigida,Native,20
8/11/2021,223,5,7,2,Campanula rotundifolia,Native,17
8/11/2021,223,5,7,3,Eriogonum umbellatum,Native,10
8/11/2021,223,5,7,1,Geranium caespitosum,Native,21
8/11/2021,223,5,7,3,Geranium caespitosum,Native,16
8/11/2021,223,5,7,3,Heterotheca villosa,Native,173
8/11/2021,223,5,7,2,Heterotheca villosa,Native,285
8/11/2021,223,5,7,3,Lactuca serriola,Introduced,2
8/11/2021,223,5,7,1,Lupinus argenteus,Native,15
8/11/2021,223,5,7,3,Lupinus argenteus,Native,57
8/11/2021,223,5,7,1,Monarda fistulosa,Native,22
8/11/2021,223,5,7,2,Monarda fistulosa,Native,2
8/11/2021,223,5,7,1,Verbascum thapsus,Introduced,23
8/11/2021,223,5,7,3,Verbascum thapsus,Introduced,15
8/21/2021,233,5,8,1,Achillea millefolium ,Native,30
8/21/2021,233,5,8,2,Achillea millefolium ,Native,15
8/21/2021,233,5,8,3,Agoseris glauca,Native,2
8/21/2021,233,5,8,3,Allium cernuum,Native,15
8/21/2021,233,5,8,1,Artemisia frigida,Native,62
8/21/2021,233,5,8,3,Artemisia frigida,Native,36
8/21/2021,233,5,8,1,Geranium caespitosum,Native,22
8/21/2021,233,5,8,3,Grindelia squarrosa,Native,6
8/21/2021,233,5,8,2,Heterotheca villosa,Native,80
8/21/2021,233,5,8,3,Heterotheca villosa,Native,25
8/21/2021,233,5,8,1,Lactuca serriola,Introduced,10
8/21/2021,233,5,8,3,Lactuca serriola,Introduced,5
8/21/2021,233,5,8,1,Lupinus argenteus,Native,5
8/21/2021,233,5,8,2,Lupinus argenteus,Native,20
8/21/2021,233,5,8,3,Lupinus argenteus,Native,2
8/21/2021,233,5,8,1,Monarda fistulosa,Native,2
8/21/2021,233,5,8,1,Polygonum douglasii,Native,20
8/21/2021,233,5,8,2,Polygonum douglasii,Native,182
8/21/2021,233,5,8,3,Polygonum douglasii,Native,20
8/21/2021,233,5,8,2,Symphyotrichum porteri,Native,10
8/21/2021,233,5,8,1,Tragopogon dubius,Introduced,1
8/21/2021,233,5,8,1,Verbascum thapsus,Introduced,20
8/21/2021,233,5,8,2,Verbascum thapsus,Introduced,2
8/21/2021,233,5,8,3,Verbascum thapsus,Introduced,3
9/12/2021,255,5,9,1,Achillea millefolium ,Native,2
9/12/2021,255,5,9,3,Achillea millefolium ,Native,2
9/12/2021,255,5,9,2,Achillea millefolium ,Native,1
9/12/2021,255,5,9,3,Artemisia frigida,Native,10
9/12/2021,255,5,9,2,Artemisia frigida,Native,5
9/12/2021,255,5,9,3,Campanula rotundifolia,Native,1
9/12/2021,255,5,9,3,Heterotheca villosa,Native,3
9/12/2021,255,5,9,2,Heterotheca villosa,Native,2
9/12/2021,255,5,9,1,Lactuca serriola,Introduced,10
9/12/2021,255,5,9,3,Lactuca serriola,Introduced,4
9/12/2021,255,5,9,3,Symphyotrichum ericoides,Native,25
9/12/2021,255,5,9,1,Verbascum thapsus,Introduced,5
5/17/2021,137,6,0,1,None,NA,0
5/17/2021,137,6,0,2,None,NA,0
5/17/2021,137,6,0,3,None,NA,0
5/23/2021,143,6,1,1,Achillea millefolium ,Native,1
5/23/2021,143,6,1,3,Achillea millefolium ,Native,3
5/23/2021,143,6,1,1,Ranunculus glaberrimus,Native,76
5/23/2021,143,6,1,2,Ranunculus glaberrimus,Native,9
5/23/2021,143,6,1,3,Ranunculus glaberrimus,Native,8
5/23/2021,143,6,1,1,Saxifraga rhomboidea,Native,3
5/23/2021,143,6,1,2,Saxifraga rhomboidea,Native,11
6/2/2021,153,6,2,1,Achillea millefolium ,Native,7
6/2/2021,153,6,2,3,Achillea millefolium ,Native,2
6/2/2021,153,6,2,1,Cerastium arvense,Native,16
6/2/2021,153,6,2,2,Cerastium arvense,Native,29
6/2/2021,153,6,2,3,Cerastium arvense,Native,3
6/2/2021,153,6,2,1,Claytonia lanceolata,Native,1
6/2/2021,153,6,2,2,Claytonia lanceolata,Native,2
6/2/2021,153,6,2,1,Collinsia parviflora,Native,26
6/2/2021,153,6,2,1,Delphinium nuttallianum,Native,1
6/2/2021,153,6,2,1,Draba aurea,Native,2
6/2/2021,153,6,2,1,Harbouria trachypleura,Native,1
6/2/2021,153,6,2,1,Mertensia lanceolata,Native,7
6/2/2021,153,6,2,2,Mertensia lanceolata,Native,2
6/2/2021,153,6,2,3,Mertensia lanceolata,Native,12
6/2/2021,153,6,2,1,Saxifraga rhomboidea,Native,8
6/2/2021,153,6,2,2,Saxifraga rhomboidea,Native,9
6/2/2021,153,6,2,1,Taraxacum officinale,Introduced,2
6/2/2021,153,6,2,2,Taraxacum officinale,Introduced,11
6/2/2021,153,6,2,3,Taraxacum officinale,Introduced,5
6/2/2021,153,6,2,2,Arabis glabra,Introduced,5
6/20/2021,171,6,3,1,Allium geyeri,Native,10
6/20/2021,171,6,3,2,Allium geyeri,Native,14
6/20/2021,171,6,3,1,Arnica fulgens,Native,147
6/20/2021,171,6,3,2,Arnica fulgens,Native,145
6/20/2021,171,6,3,3,Arnica fulgens,Native,178
6/20/2021,171,6,3,1,Astragalus flexuosus,Native,22
6/20/2021,171,6,3,3,Camelina microcarpa,Introduced,7
6/20/2021,171,6,3,1,Cerastium arvense,Native,117
6/20/2021,171,6,3,2,Cerastium arvense,Native,142
6/20/2021,171,6,3,3,Cerastium arvense,Native,242
6/20/2021,171,6,3,2,Delphinium nuttallianum,Native,4
6/20/2021,171,6,3,1,Erigeron divergens,Native,5
6/20/2021,171,6,3,3,Erigeron divergens,Native,12
6/20/2021,171,6,3,2,Eriogonum umbellatum,Native,2
6/20/2021,171,6,3,1,Harbouria trachypleura,Native,18
6/20/2021,171,6,3,1,Lupinus argenteus,Native,7
6/20/2021,171,6,3,1,Mertensia lanceolata,Native,67
6/20/2021,171,6,3,2,Mertensia lanceolata,Native,15
6/20/2021,171,6,3,3,Potentilla fissa,Native,10
6/20/2021,171,6,3,2,Senecio integerrimus,Native,7
6/20/2021,171,6,3,3,Thermopsis montana,Native,8
6/20/2021,171,6,3,2,Thlaspi arvense,Introduced,8
6/20/2021,171,6,3,1,Toxicoscordion venenosum,Native,4
6/20/2021,171,6,3,2,Arabis glabra,Introduced,2
7/1/2021,182,6,4,1,Achillea millefolium ,Native,11
7/1/2021,182,6,4,2,Achillea millefolium ,Native,1
7/1/2021,182,6,4,1,Allium geyeri,Native,7
7/1/2021,182,6,4,2,Allium geyeri,Native,15
7/1/2021,182,6,4,3,Allium geyeri,Native,3
7/1/2021,182,6,4,2,Arnica fulgens,Native,2
7/1/2021,182,6,4,3,Arnica fulgens,Native,3
7/1/2021,182,6,4,1,Astragalus flexuosus,Native,65
7/1/2021,182,6,4,1,Campanula rotundifolia,Native,2
7/1/2021,182,6,4,1,Cerastium arvense,Native,15
7/1/2021,182,6,4,2,Cerastium arvense,Native,27
7/1/2021,182,6,4,3,Cerastium arvense,Native,35
7/1/2021,182,6,4,1,Erigeron flagellaris,Native,5
7/1/2021,182,6,4,3,Erigeron flagellaris,Native,29
7/1/2021,182,6,4,1,Eriogonum umbellatum,Native,46
7/1/2021,182,6,4,2,Eriogonum umbellatum,Native,10
7/1/2021,182,6,4,3,Eriogonum umbellatum,Native,10
7/1/2021,182,6,4,1,Geranium caespitosum,Native,1
7/1/2021,182,6,4,2,Geranium caespitosum,Native,1
7/1/2021,182,6,4,3,Geranium caespitosum,Native,1
7/1/2021,182,6,4,3,Lappula occidentalis,Native,16
7/1/2021,182,6,4,1,Lupinus argenteus,Native,10
7/1/2021,182,6,4,1,Mertensia lanceolata,Native,17
7/1/2021,182,6,4,2,Mertensia lanceolata,Native,10
7/1/2021,182,6,4,3,Potentilla fissa,Native,5
7/1/2021,182,6,4,2,Potentilla hippiana,Native,2
7/1/2021,182,6,4,3,Potentilla hippiana,Native,5
7/1/2021,182,6,4,2,Tragopogon dubius,Introduced,8
7/1/2021,182,6,4,3,Tragopogon dubius,Introduced,15
7/13/2021,194,6,5,1,Achillea millefolium ,Native,34
7/13/2021,194,6,5,2,Achillea millefolium ,Native,5
7/13/2021,194,6,5,3,Achillea millefolium ,Native,32
7/13/2021,194,6,5,1,Astragalus flexuosus,Native,28
7/13/2021,194,6,5,1,Calochortus gunnisonii,Native,3
7/13/2021,194,6,5,2,Calochortus gunnisonii,Native,4
7/13/2021,194,6,5,3,Camelina microcarpa,Introduced,3
7/13/2021,194,6,5,1,Campanula rotundifolia,Native,156
7/13/2021,194,6,5,2,Campanula rotundifolia,Native,45
7/13/2021,194,6,5,3,Campanula rotundifolia,Native,104
7/13/2021,194,6,5,1,Erigeron flagellaris,Native,1
7/13/2021,194,6,5,3,Erigeron flagellaris,Native,6
7/13/2021,194,6,5,1,Eriogonum umbellatum,Native,478
7/13/2021,194,6,5,2,Eriogonum umbellatum,Native,213
7/13/2021,194,6,5,3,Eriogonum umbellatum,Native,65
7/13/2021,194,6,5,2,Gaillardia aristata,Native,1
7/13/2021,194,6,5,1,Geranium caespitosum,Native,1
7/13/2021,194,6,5,3,Geranium caespitosum,Native,10
7/13/2021,194,6,5,1,Grindelia squarrosa,Native,1
7/13/2021,194,6,5,1,Heterotheca villosa,Native,18
7/13/2021,194,6,5,2,Lappula occidentalis,Native,35
7/13/2021,194,6,5,1,Lupinus argenteus,Native,13
7/13/2021,194,6,5,3,Monarda fistulosa,Native,13
7/13/2021,194,6,5,1,Oxytropis lambertii,Native,37
7/13/2021,194,6,5,2,Potentilla gracilis,Native,5
7/13/2021,194,6,5,3,Potentilla gracilis,Native,4
7/13/2021,194,6,5,1,Potentilla hippiana,Native,117
7/13/2021,194,6,5,2,Thlaspi arvense,Introduced,38
7/13/2021,194,6,5,2,Tragopogon dubius,Introduced,3
7/28/2021,209,6,6,1,Achillea millefolium ,Native,26
7/28/2021,209,6,6,2,Achillea millefolium ,Native,4
7/28/2021,209,6,6,3,Achillea millefolium ,Native,31
7/28/2021,209,6,6,1,Allium cernuum,Native,31
7/28/2021,209,6,6,3,Artemisia ludoviciana,Native,50
7/28/2021,209,6,6,1,Astragalus flexuosus,Native,10
7/28/2021,209,6,6,1,Calochortus gunnisonii,Native,8
7/28/2021,209,6,6,2,Calochortus gunnisonii,Native,3
7/28/2021,209,6,6,3,Calochortus gunnisonii,Native,1
7/28/2021,209,6,6,1,Campanula rotundifolia,Native,112
7/28/2021,209,6,6,2,Campanula rotundifolia,Native,32
7/28/2021,209,6,6,3,Campanula rotundifolia,Native,76
7/28/2021,209,6,6,2,Carduus nutans,Introduced,1
7/28/2021,209,6,6,3,Erigeron speciosus,Native,58
7/28/2021,209,6,6,1,Eriogonum umbellatum,Native,156
7/28/2021,209,6,6,2,Eriogonum umbellatum,Native,128
7/28/2021,209,6,6,3,Eriogonum umbellatum,Native,46
7/28/2021,209,6,6,1,Gaillardia aristata,Native,1
7/28/2021,209,6,6,1,Geranium caespitosum,Native,9
7/28/2021,209,6,6,1,Grindelia squarrosa,Native,2
7/28/2021,209,6,6,3,Grindelia squarrosa,Native,4
7/28/2021,209,6,6,1,Heterotheca villosa,Native,128
7/28/2021,209,6,6,1,Lupinus argenteus,Native,50
7/28/2021,209,6,6,2,Monarda fistulosa,Native,3
7/28/2021,209,6,6,3,Monarda fistulosa,Native,25
7/28/2021,209,6,6,1,Oxytropis lambertii,Native,3
7/28/2021,209,6,6,3,Potentilla gracilis,Native,1
7/28/2021,209,6,6,1,Potentilla hippiana,Native,92
7/28/2021,209,6,6,2,Potentilla hippiana,Native,37
7/28/2021,209,6,6,3,Solidago multiradiata,Native,35
7/28/2021,209,6,6,2,Symphyotrichum porteri,Native,3
8/11/2021,223,6,7,1,Achillea millefolium ,Native,33
8/11/2021,223,6,7,3,Achillea millefolium ,Native,42
8/11/2021,223,6,7,2,Achillea millefolium ,Native,16
8/11/2021,223,6,7,2,Agoseris aurantiaca,Native,2
8/11/2021,223,6,7,1,Allium cernuum,Native,27
8/11/2021,223,6,7,2,Allium cernuum,Native,22
8/11/2021,223,6,7,1,Artemisia frigida,Native,68
8/11/2021,223,6,7,2,Artemisia frigida,Native,15
8/11/2021,223,6,7,3,Artemisia ludoviciana,Native,46
8/11/2021,223,6,7,1,Campanula rotundifolia,Native,210
8/11/2021,223,6,7,3,Campanula rotundifolia,Native,36
8/11/2021,223,6,7,2,Campanula rotundifolia,Native,23
8/11/2021,223,6,7,1,Carduus nutans,Introduced,1
8/11/2021,223,6,7,3,Carduus nutans,Introduced,1
8/11/2021,223,6,7,3,Erigeron speciosus,Native,47
8/11/2021,223,6,7,1,Eriogonum umbellatum,Native,56
8/11/2021,223,6,7,3,Eriogonum umbellatum,Native,20
8/11/2021,223,6,7,2,Eriogonum umbellatum,Native,136
8/11/2021,223,6,7,3,Gaillardia aristata,Native,1
8/11/2021,223,6,7,1,Geranium caespitosum,Native,5
8/11/2021,223,6,7,3,Geranium caespitosum,Native,14
8/11/2021,223,6,7,1,Grindelia squarrosa,Native,3
8/11/2021,223,6,7,3,Grindelia squarrosa,Native,19
8/11/2021,223,6,7,2,Grindelia squarrosa,Native,23
8/11/2021,223,6,7,1,Heterotheca villosa,Native,202
8/11/2021,223,6,7,1,Lupinus argenteus,Native,22
8/11/2021,223,6,7,3,Monarda fistulosa,Native,6
8/11/2021,223,6,7,1,Orthocarpus luteus,Native,16
8/11/2021,223,6,7,2,Polygonum douglasii,Native,53
8/11/2021,223,6,7,1,Potentilla hippiana,Native,26
8/11/2021,223,6,7,1,Solidago multiradiata,Native,15
8/11/2021,223,6,7,3,Solidago multiradiata,Native,12
8/11/2021,223,6,7,1,Symphyotrichum porteri,Native,26
8/11/2021,223,6,7,3,Symphyotrichum porteri,Native,31
8/11/2021,223,6,7,2,Symphyotrichum porteri,Native,32
8/11/2021,223,6,7,2,Tragopogon dubius,Introduced,1
8/21/2021,233,6,8,1,Achillea millefolium ,Native,10
8/21/2021,233,6,8,3,Achillea millefolium ,Native,20
8/21/2021,233,6,8,2,Achillea millefolium ,Native,8
8/21/2021,233,6,8,1,Artemisia frigida,Native,81
8/21/2021,233,6,8,3,Artemisia frigida,Native,87
8/21/2021,233,6,8,2,Artemisia frigida,Native,120
8/21/2021,233,6,8,3,Artemisia ludoviciana,Native,40
8/21/2021,233,6,8,3,Artemisia tridentata,Native,92
8/21/2021,233,6,8,1,Campanula rotundifolia,Native,42
8/21/2021,233,6,8,3,Campanula rotundifolia,Native,14
8/21/2021,233,6,8,2,Campanula rotundifolia,Native,22
8/21/2021,233,6,8,3,Carduus nutans,Introduced,1
8/21/2021,233,6,8,2,Carduus nutans,Introduced,2
8/21/2021,233,6,8,3,Erigeron speciosus,Native,2
8/21/2021,233,6,8,1,Eriogonum umbellatum,Native,42
8/21/2021,233,6,8,3,Eriogonum umbellatum,Native,10
8/21/2021,233,6,8,2,Eriogonum umbellatum,Native,15
8/21/2021,233,6,8,1,Geranium caespitosum,Native,4
8/21/2021,233,6,8,3,Geranium caespitosum,Native,3
8/21/2021,233,6,8,2,Geranium caespitosum,Native,3
8/21/2021,233,6,8,3,Grindelia squarrosa,Native,4
8/21/2021,233,6,8,2,Grindelia squarrosa,Native,20
8/21/2021,233,6,8,1,Heterotheca villosa,Native,173
8/21/2021,233,6,8,1,Lupinus argenteus,Native,20
8/21/2021,233,6,8,3,Orthocarpus luteus,Native,5
8/21/2021,233,6,8,2,Polygonum douglasii,Native,87
8/21/2021,233,6,8,3,Solidago multiradiata,Native,3
8/21/2021,233,6,8,1,Symphyotrichum porteri,Native,128
8/21/2021,233,6,8,3,Symphyotrichum porteri,Native,15
8/21/2021,233,6,8,2,Symphyotrichum porteri,Native,28
9/12/2021,255,6,9,1,Campanula rotundifolia,Native,14
9/12/2021,255,6,9,2,Campanula rotundifolia,Native,1
9/12/2021,255,6,9,3,Campanula rotundifolia,Native,4
9/12/2021,255,6,9,1,Carduus nutans,Introduced,1
9/12/2021,255,6,9,3,Carduus nutans,Introduced,2
9/12/2021,255,6,9,3,Geranium caespitosum,Native,2
9/12/2021,255,6,9,2,Grindelia squarrosa,Native,1
9/12/2021,255,6,9,1,Heterotheca villosa,Native,1
9/12/2021,255,6,9,1,Symphyotrichum ericoides,Native,10
9/12/2021,255,6,9,3,Symphyotrichum ericoides,Native,2
5/17/2021,137,7,0,1,None,NA,0
5/17/2021,137,7,0,2,None,NA,0
5/17/2021,137,7,0,3,None,NA,0
5/21/2021,141,7,1,1,Achillea millefolium ,Native,5
5/21/2021,141,7,1,2,Achillea millefolium ,Native,4
5/21/2021,141,7,1,3,Achillea millefolium ,Native,4
5/21/2021,141,7,1,1,Cerastium arvense,Native,1
5/21/2021,141,7,1,2,Cerastium arvense,Native,3
5/21/2021,141,7,1,3,Cerastium arvense,Native,9
5/21/2021,141,7,1,2,Claytonia lanceolata,Native,1
5/21/2021,141,7,1,3,Collinsia parviflora,Native,5
5/21/2021,141,7,1,3,Draba aurea,Native,5
5/21/2021,141,7,1,1,Leucocrinum montanum,Native,4
5/21/2021,141,7,1,2,Mertensia lanceolata,Native,3
5/21/2021,141,7,1,2,Taraxacum officinale,Introduced,6
6/2/2021,153,7,2,3,Achillea millefolium ,Native,10
6/2/2021,153,7,2,1,Achillea millefolium ,Native,2
6/2/2021,153,7,2,2,Achillea millefolium ,Native,6
6/2/2021,153,7,2,3,Camelina microcarpa,Introduced,22
6/2/2021,153,7,2,1,Camelina microcarpa,Introduced,6
6/2/2021,153,7,2,2,Camelina microcarpa,Introduced,7
6/2/2021,153,7,2,3,Cerastium arvense,Native,192
6/2/2021,153,7,2,1,Cerastium arvense,Native,86
6/2/2021,153,7,2,2,Cerastium arvense,Native,95
6/2/2021,153,7,2,2,Cryptantha ambigua,Native,20
6/2/2021,153,7,2,3,Delphinium nuttallianum,Native,3
6/2/2021,153,7,2,1,Delphinium nuttallianum,Native,5
6/2/2021,153,7,2,2,Delphinium nuttallianum,Native,3
6/2/2021,153,7,2,3,Lappula occidentalis,Native,26
6/2/2021,153,7,2,1,Lappula occidentalis,Native,16
6/2/2021,153,7,2,1,Lesquerella montana,Native,1
6/2/2021,153,7,2,3,Leucocrinum montanum,Native,55
6/2/2021,153,7,2,1,Leucocrinum montanum,Native,35
6/2/2021,153,7,2,2,Leucocrinum montanum,Native,11
6/2/2021,153,7,2,3,Mertensia lanceolata,Native,20
6/2/2021,153,7,2,1,Mertensia lanceolata,Native,30
6/2/2021,153,7,2,2,Mertensia lanceolata,Native,26
6/2/2021,153,7,2,1,Taraxacum officinale,Introduced,1
6/2/2021,153,7,2,2,Taraxacum officinale,Introduced,2
6/18/2021,169,7,3,3,Astragalus flexuosus,Native,11
6/18/2021,169,7,3,1,Astragalus flexuosus,Native,7
6/18/2021,169,7,3,2,Astragalus flexuosus,Native,110
6/18/2021,169,7,3,3,Camelina microcarpa,Introduced,3
6/18/2021,169,7,3,3,Cerastium arvense,Native,60
6/18/2021,169,7,3,1,Cerastium arvense,Native,9
6/18/2021,169,7,3,2,Cerastium arvense,Native,29
6/18/2021,169,7,3,3,Eriogonum umbellatum,Native,21
6/18/2021,169,7,3,1,Eriogonum umbellatum,Native,55
6/18/2021,169,7,3,2,Eriogonum umbellatum,Native,12
6/18/2021,169,7,3,3,Geranium caespitosum,Native,1
6/18/2021,169,7,3,1,Geranium caespitosum,Native,3
6/18/2021,169,7,3,3,Lappula occidentalis,Native,24
6/18/2021,169,7,3,1,Lappula occidentalis,Native,54
6/18/2021,169,7,3,3,Lupinus argenteus,Native,2
6/18/2021,169,7,3,1,Mertensia lanceolata,Native,3
6/18/2021,169,7,3,2,Mertensia lanceolata,Native,13
6/18/2021,169,7,3,3,Oxytropis lambertii,Native,12
6/18/2021,169,7,3,1,Oxytropis lambertii,Native,43
6/18/2021,169,7,3,2,Oxytropis lambertii,Native,29
6/18/2021,169,7,3,3,Penstemon virens,Native,22
6/30/2021,181,7,4,3,Astragalus flexuosus,Native,60
6/30/2021,181,7,4,1,Astragalus flexuosus,Native,55
6/30/2021,181,7,4,2,Astragalus flexuosus,Native,132
6/30/2021,181,7,4,3,Cerastium arvense,Native,1
6/30/2021,181,7,4,1,Cerastium arvense,Native,1
6/30/2021,181,7,4,3,Eriogonum umbellatum,Native,240
6/30/2021,181,7,4,1,Eriogonum umbellatum,Native,184
6/30/2021,181,7,4,2,Eriogonum umbellatum,Native,163
6/30/2021,181,7,4,3,Geranium caespitosum,Native,6
6/30/2021,181,7,4,1,Geranium caespitosum,Native,6
6/30/2021,181,7,4,2,Geranium caespitosum,Native,3
6/30/2021,181,7,4,3,Lappula occidentalis,Native,3
6/30/2021,181,7,4,1,Lappula occidentalis,Native,7
6/30/2021,181,7,4,2,Lupinus argenteus,Native,10
6/30/2021,181,7,4,3,Oxytropis lambertii,Native,36
6/30/2021,181,7,4,1,Oxytropis lambertii,Native,76
6/30/2021,181,7,4,2,Oxytropis lambertii,Native,32
6/30/2021,181,7,4,3,Tragopogon dubius,Introduced,1
6/30/2021,181,7,4,2,Tragopogon dubius,Introduced,1
7/14/2021,195,7,5,3,Astragalus flexuosus,Native,154
7/14/2021,195,7,5,2,Astragalus flexuosus,Native,155
7/14/2021,195,7,5,1,Astragalus flexuosus,Native,25
7/14/2021,195,7,5,3,Calochortus gunnisonii,Native,15
7/14/2021,195,7,5,2,Calochortus gunnisonii,Native,8
7/14/2021,195,7,5,1,Calochortus gunnisonii,Native,22
7/14/2021,195,7,5,3,Cerastium arvense,Native,1
7/14/2021,195,7,5,3,Eriogonum umbellatum,Native,290
7/14/2021,195,7,5,2,Eriogonum umbellatum,Native,105
7/14/2021,195,7,5,1,Eriogonum umbellatum,Native,215
7/14/2021,195,7,5,3,Geranium caespitosum,Native,39
7/14/2021,195,7,5,2,Geranium caespitosum,Native,19
7/14/2021,195,7,5,1,Geranium caespitosum,Native,43
7/14/2021,195,7,5,3,Heterotheca villosa,Native,30
7/14/2021,195,7,5,2,Heterotheca villosa,Native,153
7/14/2021,195,7,5,1,Heterotheca villosa,Native,123
7/14/2021,195,7,5,3,Lappula occidentalis,Native,22
7/14/2021,195,7,5,3,Lupinus argenteus,Native,25
7/14/2021,195,7,5,2,Oxytropis lambertii,Native,10
7/14/2021,195,7,5,1,Tragopogon dubius,Introduced,1
7/29/2021,210,7,6,1,Allium cernuum,Native,10
7/29/2021,210,7,6,3,Astragalus flexuosus,Native,5
7/29/2021,210,7,6,2,Calochortus gunnisonii,Native,2
7/29/2021,210,7,6,3,Camelina microcarpa,Introduced,4
7/29/2021,210,7,6,3,Eriogonum umbellatum,Native,81
7/29/2021,210,7,6,1,Eriogonum umbellatum,Native,73
7/29/2021,210,7,6,2,Eriogonum umbellatum,Native,97
7/29/2021,210,7,6,3,Geranium caespitosum,Native,23
7/29/2021,210,7,6,1,Geranium caespitosum,Native,56
7/29/2021,210,7,6,2,Geranium caespitosum,Native,23
7/29/2021,210,7,6,3,Heterotheca villosa,Native,350
7/29/2021,210,7,6,1,Heterotheca villosa,Native,362
7/29/2021,210,7,6,2,Heterotheca villosa,Native,410
7/29/2021,210,7,6,3,Lupinus argenteus,Native,15
7/29/2021,210,7,6,2,Lupinus argenteus,Native,18
8/11/2021,223,7,7,1,Allium cernuum,Native,32
8/11/2021,223,7,7,3,Artemisia frigida,Native,20
8/11/2021,223,7,7,2,Artemisia frigida,Native,35
8/11/2021,223,7,7,1,Artemisia frigida,Native,41
8/11/2021,223,7,7,3,Artemisia ludoviciana,Native,20
8/11/2021,223,7,7,3,Eriogonum umbellatum,Native,30
8/11/2021,223,7,7,2,Eriogonum umbellatum,Native,5
8/11/2021,223,7,7,1,Eriogonum umbellatum,Native,20
8/11/2021,223,7,7,3,Geranium caespitosum,Native,24
8/11/2021,223,7,7,2,Geranium caespitosum,Native,15
8/11/2021,223,7,7,1,Geranium caespitosum,Native,28
8/11/2021,223,7,7,3,Heterotheca villosa,Native,250
8/11/2021,223,7,7,2,Heterotheca villosa,Native,648
8/11/2021,223,7,7,1,Heterotheca villosa,Native,261
8/11/2021,223,7,7,2,Lupinus argenteus,Native,5
8/11/2021,223,7,7,2,Orthocarpus luteus,Native,10
8/11/2021,223,7,7,3,Symphyotrichum porteri,Native,23
8/21/2021,233,7,8,2,Achillea millefolium ,Native,1
8/21/2021,233,7,8,3,Artemisia frigida,Native,85
8/21/2021,233,7,8,2,Artemisia frigida,Native,62
8/21/2021,233,7,8,1,Artemisia frigida,Native,62
8/21/2021,233,7,8,2,Artemisia tridentata,Native,20
8/21/2021,233,7,8,1,Artemisia tridentata,Native,25
8/21/2021,233,7,8,1,Eriogonum umbellatum,Native,3
8/21/2021,233,7,8,3,Geranium caespitosum,Native,27
8/21/2021,233,7,8,2,Geranium caespitosum,Native,24
8/21/2021,233,7,8,1,Geranium caespitosum,Native,4
8/21/2021,233,7,8,3,Heterotheca villosa,Native,90
8/21/2021,233,7,8,2,Heterotheca villosa,Native,105
8/21/2021,233,7,8,1,Heterotheca villosa,Native,22
8/21/2021,233,7,8,2,Orthocarpus luteus,Native,2
8/21/2021,233,7,8,3,Symphyotrichum porteri,Native,12
8/21/2021,233,7,8,1,Symphyotrichum porteri,Native,7
9/12/2021,255,7,9,2,Artemisia frigida,Native,7
9/12/2021,255,7,9,2,Geranium caespitosum,Native,3
9/12/2021,255,7,9,3,Geranium caespitosum,Native,1
9/12/2021,255,7,9,1,None,NA,0
5/17/2021,137,8,0,1,None,NA,0
5/17/2021,137,8,0,2,None,NA,0
5/17/2021,137,8,0,3,None,NA,0
5/21/2021,141,8,1,2,Cerastium arvense,Native,2
5/21/2021,141,8,1,1,Claytonia lanceolata,Native,6
5/21/2021,141,8,1,2,Claytonia lanceolata,Native,5
5/21/2021,141,8,1,3,Claytonia lanceolata,Native,6
5/21/2021,141,8,1,2,Collinsia parviflora,Native,17
5/21/2021,141,8,1,3,Collinsia parviflora,Native,2
5/21/2021,141,8,1,2,Cryptantha ambigua,Native,65
5/21/2021,141,8,1,2,Draba aurea,Native,8
5/21/2021,141,8,1,1,Taraxacum officinale,Introduced,3
5/21/2021,141,8,1,2,Taraxacum officinale,Introduced,2
6/2/2021,153,8,2,1,Achillea millefolium ,Native,7
6/2/2021,153,8,2,3,Achillea millefolium ,Native,4
6/2/2021,153,8,2,2,Camelina microcarpa,Introduced,6
6/2/2021,153,8,2,1,Cerastium arvense,Native,79
6/2/2021,153,8,2,3,Cerastium arvense,Native,17
6/2/2021,153,8,2,2,Cerastium arvense,Native,162
6/2/2021,153,8,2,1,Collinsia parviflora,Native,12
6/2/2021,153,8,2,2,Collinsia parviflora,Native,56
6/2/2021,153,8,2,1,Cryptantha ambigua,Native,26
6/2/2021,153,8,2,2,Cryptantha ambigua,Native,253
6/2/2021,153,8,2,1,Delphinium nuttallianum,Native,4
6/2/2021,153,8,2,3,Delphinium nuttallianum,Native,2
6/2/2021,153,8,2,2,Delphinium nuttallianum,Native,11
6/2/2021,153,8,2,1,Harbouria trachypleura,Native,2
6/2/2021,153,8,2,2,Lappula occidentalis,Native,15
6/2/2021,153,8,2,1,Leucocrinum montanum,Native,7
6/2/2021,153,8,2,3,Leucocrinum montanum,Native,4
6/2/2021,153,8,2,2,Leucocrinum montanum,Native,7
6/2/2021,153,8,2,1,Mertensia lanceolata,Native,13
6/2/2021,153,8,2,3,Mertensia lanceolata,Native,9
6/2/2021,153,8,2,2,Mertensia lanceolata,Native,27
6/2/2021,153,8,2,2,Taraxacum officinale,Introduced,1
6/18/2021,169,8,3,1,Antennaria parvifolia,Native,2
6/18/2021,169,8,3,1,Astragalus flexuosus,Native,10
6/18/2021,169,8,3,2,Astragalus flexuosus,Native,28
6/18/2021,169,8,3,3,Astragalus flexuosus,Native,5
6/18/2021,169,8,3,1,Astragalus parryi,Native,5
6/18/2021,169,8,3,1,Camelina microcarpa,Introduced,12
6/18/2021,169,8,3,2,Camelina microcarpa,Introduced,24
6/18/2021,169,8,3,1,Cerastium arvense,Native,124
6/18/2021,169,8,3,2,Cerastium arvense,Native,166
6/18/2021,169,8,3,3,Cerastium arvense,Native,137
6/18/2021,169,8,3,2,Collomia linearis,Native,12
6/18/2021,169,8,3,1,Cryptantha ambigua,Native,10
6/18/2021,169,8,3,2,Cryptantha ambigua,Native,21
6/18/2021,169,8,3,1,Delphinium nuttallianum,Native,31
6/18/2021,169,8,3,2,Delphinium nuttallianum,Native,5
6/18/2021,169,8,3,3,Delphinium nuttallianum,Native,2
6/18/2021,169,8,3,1,Eriogonum umbellatum,Native,36
6/18/2021,169,8,3,2,Eriogonum umbellatum,Native,11
6/18/2021,169,8,3,3,Eriogonum umbellatum,Native,3
6/18/2021,169,8,3,3,Erysimum capitatum,Native,28
6/18/2021,169,8,3,2,Geranium caespitosum,Native,4
6/18/2021,169,8,3,2,Lappula occidentalis,Native,138
6/18/2021,169,8,3,1,Lupinus argenteus,Native,32
6/18/2021,169,8,3,2,Lupinus argenteus,Native,18
6/18/2021,169,8,3,3,Lupinus argenteus,Native,3
6/18/2021,169,8,3,1,Mertensia lanceolata,Native,2
6/18/2021,169,8,3,2,Mertensia lanceolata,Native,5
6/18/2021,169,8,3,3,Mertensia lanceolata,Native,10
6/18/2021,169,8,3,2,Oenothera coronopifolia,Native,12
6/18/2021,169,8,3,1,Oxytropis lambertii,Native,16
6/18/2021,169,8,3,3,Oxytropis lambertii,Native,10
6/18/2021,169,8,3,1,Potentilla fissa,Native,13
6/18/2021,169,8,3,2,Potentilla fissa,Native,3
6/18/2021,169,8,3,3,Potentilla fissa,Native,10
6/18/2021,169,8,3,2,Scutellaria brittonii,Native,10
6/18/2021,169,8,3,1,Senecio integerrimus,Native,8
6/18/2021,169,8,3,1,Toxicoscordion venenosum,Native,66
6/18/2021,169,8,3,3,Toxicoscordion venenosum,Native,12
6/18/2021,169,8,3,1,Tragopogon dubius,Introduced,1
6/18/2021,169,8,3,2,Tragopogon dubius,Introduced,5
6/30/2021,181,8,4,1,Astragalus flexuosus,Native,6
6/30/2021,181,8,4,2,Astragalus flexuosus,Native,5
6/30/2021,181,8,4,3,Astragalus flexuosus,Native,73
6/30/2021,181,8,4,3,Campanula rotundifolia,Native,2
6/30/2021,181,8,4,1,Cerastium arvense,Native,2
6/30/2021,181,8,4,2,Cerastium arvense,Native,19
6/30/2021,181,8,4,2,Collomia linearis,Native,10
6/30/2021,181,8,4,3,Erigeron flagellaris,Native,4
6/30/2021,181,8,4,1,Eriogonum umbellatum,Native,25
6/30/2021,181,8,4,2,Eriogonum umbellatum,Native,25
6/30/2021,181,8,4,3,Eriogonum umbellatum,Native,21
6/30/2021,181,8,4,2,Gaillardia aristata,Native,2
6/30/2021,181,8,4,1,Geranium caespitosum,Native,10
6/30/2021,181,8,4,2,Geranium caespitosum,Native,11
6/30/2021,181,8,4,3,Geranium caespitosum,Native,5
6/30/2021,181,8,4,2,Lappula occidentalis,Native,50
6/30/2021,181,8,4,1,Lupinus argenteus,Native,12
6/30/2021,181,8,4,2,Lupinus argenteus,Native,35
6/30/2021,181,8,4,3,Lupinus argenteus,Native,40
6/30/2021,181,8,4,3,Mertensia lanceolata,Native,1
6/30/2021,181,8,4,2,Oenothera coronopifolia,Native,60
6/30/2021,181,8,4,3,Oxytropis lambertii,Native,32
6/30/2021,181,8,4,1,Potentilla fissa,Native,24
6/30/2021,181,8,4,3,Potentilla fissa,Native,6
6/30/2021,181,8,4,2,Tragopogon dubius,Introduced,5
7/14/2021,195,8,5,1,Astragalus flexuosus,Native,20
7/14/2021,195,8,5,2,Astragalus flexuosus,Native,26
7/14/2021,195,8,5,3,Astragalus flexuosus,Native,81
7/14/2021,195,8,5,1,Calochortus gunnisonii,Native,3
7/14/2021,195,8,5,2,Calochortus gunnisonii,Native,12
7/14/2021,195,8,5,3,Calochortus gunnisonii,Native,10
7/14/2021,195,8,5,2,Camelina microcarpa,Introduced,5
7/14/2021,195,8,5,1,Campanula rotundifolia,Native,4
7/14/2021,195,8,5,3,Campanula rotundifolia,Native,42
7/14/2021,195,8,5,2,Ceanothus herbaceus,Native,12
7/14/2021,195,8,5,2,Cerastium arvense,Native,1
7/14/2021,195,8,5,3,Erigeron flagellaris,Native,1
7/14/2021,195,8,5,1,Eriogonum umbellatum,Native,112
7/14/2021,195,8,5,2,Eriogonum umbellatum,Native,72
7/14/2021,195,8,5,3,Eriogonum umbellatum,Native,15
7/14/2021,195,8,5,1,Gaillardia aristata,Native,5
7/14/2021,195,8,5,2,Gaillardia aristata,Native,3
7/14/2021,195,8,5,1,Geranium caespitosum,Native,16
7/14/2021,195,8,5,2,Geranium caespitosum,Native,4
7/14/2021,195,8,5,3,Geranium caespitosum,Native,12
7/14/2021,195,8,5,1,Heterotheca villosa,Native,54
7/14/2021,195,8,5,2,Heterotheca villosa,Native,144
7/14/2021,195,8,5,3,Heterotheca villosa,Native,33
7/14/2021,195,8,5,2,Lappula occidentalis,Native,21
7/14/2021,195,8,5,1,Lupinus argenteus,Native,22
7/14/2021,195,8,5,2,Lupinus argenteus,Native,23
7/14/2021,195,8,5,3,Lupinus argenteus,Native,30
7/14/2021,195,8,5,1,Monarda fistulosa,Native,39
7/14/2021,195,8,5,2,Oenothera coronopifolia,Native,3
7/14/2021,195,8,5,3,Potentilla hippiana,Native,11
7/14/2021,195,8,5,1,Tragopogon dubius,Introduced,2
7/14/2021,195,8,5,2,Tragopogon dubius,Introduced,4
7/29/2021,210,8,6,2,Achillea millefolium ,Native,3
7/29/2021,210,8,6,2,Allium cernuum,Native,16
7/29/2021,210,8,6,3,Astragalus flexuosus,Native,28
7/29/2021,210,8,6,1,Calochortus gunnisonii,Native,2
7/29/2021,210,8,6,3,Calochortus gunnisonii,Native,6
7/29/2021,210,8,6,2,Calochortus gunnisonii,Native,2
7/29/2021,210,8,6,3,Campanula rotundifolia,Native,16
7/29/2021,210,8,6,3,Eriogonum umbellatum,Native,13
7/29/2021,210,8,6,2,Eriogonum umbellatum,Native,65
7/29/2021,210,8,6,1,Gaillardia aristata,Native,1
7/29/2021,210,8,6,2,Gaillardia aristata,Native,4
7/29/2021,210,8,6,1,Geranium caespitosum,Native,14
7/29/2021,210,8,6,3,Geranium caespitosum,Native,22
7/29/2021,210,8,6,2,Geranium caespitosum,Native,18
7/29/2021,210,8,6,1,Heterotheca villosa,Native,313
7/29/2021,210,8,6,2,Heterotheca villosa,Native,371
7/29/2021,210,8,6,3,Heterotheca villosa,Native,256
7/29/2021,210,8,6,1,Lupinus argenteus,Native,42
7/29/2021,210,8,6,3,Lupinus argenteus,Native,12
7/29/2021,210,8,6,2,Lupinus argenteus,Native,27
7/29/2021,210,8,6,1,Monarda fistulosa,Native,4
7/29/2021,210,8,6,2,Oenothera coronopifolia,Native,3
7/29/2021,210,8,6,3,Potentilla hippiana,Native,20
7/29/2021,210,8,6,2,Tragopogon dubius,Introduced,2
8/11/2021,223,8,7,1,Achillea millefolium ,Native,3
8/11/2021,223,8,7,3,Allium cernuum,Native,19
8/11/2021,223,8,7,2,Artemisia frigida,Native,5
8/11/2021,223,8,7,3,Artemisia frigida,Native,12
8/11/2021,223,8,7,3,Campanula rotundifolia,Native,10
8/11/2021,223,8,7,1,Eriogonum umbellatum,Native,20
8/11/2021,223,8,7,2,Eriogonum umbellatum,Native,21
8/11/2021,223,8,7,2,Gaillardia aristata,Native,1
8/11/2021,223,8,7,1,Geranium caespitosum,Native,16
8/11/2021,223,8,7,2,Geranium caespitosum,Native,12
8/11/2021,223,8,7,3,Geranium caespitosum,Native,14
8/11/2021,223,8,7,1,Heterotheca villosa,Native,345
8/11/2021,223,8,7,2,Heterotheca villosa,Native,562
8/11/2021,223,8,7,3,Heterotheca villosa,Native,336
8/11/2021,223,8,7,1,Lupinus argenteus,Native,5
8/11/2021,223,8,7,2,Lupinus argenteus,Native,5
8/11/2021,223,8,7,3,Lupinus argenteus,Native,20
8/11/2021,223,8,7,2,Oenothera coronopifolia,Native,3
8/11/2021,223,8,7,3,Orthocarpus luteus,Native,21
8/11/2021,223,8,7,3,Symphyotrichum porteri,Native,52
8/11/2021,223,8,7,2,Verbascum thapsus,Introduced,35
8/21/2021,233,8,8,3,Allium cernuum,Native,15
8/21/2021,233,8,8,2,Allium cernuum,Native,14
8/21/2021,233,8,8,3,Artemisia frigida,Native,35
8/21/2021,233,8,8,2,Artemisia frigida,Native,67
8/21/2021,233,8,8,2,Eriogonum umbellatum,Native,5
8/21/2021,233,8,8,1,Geranium caespitosum,Native,19
8/21/2021,233,8,8,3,Geranium caespitosum,Native,16
8/21/2021,233,8,8,2,Geranium caespitosum,Native,1
8/21/2021,233,8,8,1,Heterotheca villosa,Native,110
8/21/2021,233,8,8,3,Heterotheca villosa,Native,142
8/21/2021,233,8,8,2,Heterotheca villosa,Native,205
8/21/2021,233,8,8,2,Lactuca serriola,Introduced,15
8/21/2021,233,8,8,3,Lupinus argenteus,Native,3
8/21/2021,233,8,8,2,Lupinus argenteus,Native,4
8/21/2021,233,8,8,1,Orthocarpus luteus,Native,4
8/21/2021,233,8,8,3,Orthocarpus luteus,Native,20
8/21/2021,233,8,8,2,Orthocarpus luteus,Native,23
8/21/2021,233,8,8,2,Polygonum douglasii,Native,170
8/21/2021,233,8,8,1,Symphyotrichum porteri,Native,1
8/21/2021,233,8,8,3,Symphyotrichum porteri,Native,65
8/21/2021,233,8,8,2,Tragopogon dubius,Introduced,5
8/21/2021,233,8,8,2,Verbascum thapsus,Introduced,15
9/12/2021,255,8,9,3,Campanula rotundifolia,Native,1
9/12/2021,255,8,9,2,Heterotheca villosa,Native,6
9/12/2021,255,8,9,2,Lactuca serriola,Introduced,7
9/12/2021,255,8,9,1,None,NA,0
